STT,Stock Code,Organization Name,Sector,First Trading Date,Listing Volume,Stock Volume
1,AAV,CTCP AAV Group,Hoạt động kinh doanh bất động sản,25/6/2018,68.987.661,68.987.661
2,ADC,Công ty cổ phần Mĩ thuật và Truyền thông,"Thông tin, truyền thông và các hoạt động khác",24/12/2010,3.977.936,3.977.936
3,ALT,CTCP Văn hóa Tân Bình,Công nghiệp,27/7/2009,6.172.523,5.736.709
4,AMC,CTCP Khoáng sản Á Châu,Khai khoáng và Dầu khí,15/2/2012,2.850.000,2.850.000
5,AME,CTCP Alphanam E&C,Xây dựng,2/6/2010,65.200.000,65.200.000
6,AMV,CTCP Sản xuất kinh doanh dược và trang thiết bị y tế Việt Mỹ,Y tế,20/12/2009,131.105.650,131.105.650
7,API,CTCP Đầu tư Châu Á - Thái Bình Dương,Tài chính,13/9/2010,84.083.976,84.083.976
8,APS,Công ty Cổ phần Chứng khoán Châu Á - Thái Bình Dương,Tài chính,19/4/2010,83.000.000,83.000.000
9,ARM,CTCP Xuất nhập khẩu hàng không,"Thương mại và dịch vụ lưu trú, ăn uống",26/10/2010,3.111.283,3.111.283
10,ART,Công ty Cổ phần Chứng khoán BOS,Tài chính,28/9/2018,96.922.509,96.922.509
11,ATS,Công ty cổ phần Tập đoàn dược phẩm Atesco,"Thương mại và dịch vụ lưu trú, ăn uống",29/3/2016,3.500.000,3.500.000
12,BAB,Ngân hàng Thương mại Cổ phần Bắc Á,Tài chính,3/3/2021,813.386.340,833.426.644
13,BAX,CTCP Thống Nhất,Hoạt động kinh doanh bất động sản,24/3/2017,8.200.000,8.200.000
14,BBS,Công ty CP Vicem bao bì Bút Sơn,Công nghiệp,28/12/2005,6.000.000,6.000.000
15,BCC,CTCP Xi măng Bỉm Sơn,Công nghiệp,24/11/2006,123.209.812,123.209.812
16,BCF,CTCP Thực phẩm Bích Chi,,16/3/2020,27.830.412,27.830.412
17,BDB,CTCP Sách và thiết bị Bình Định,"Thương mại và dịch vụ lưu trú, ăn uống",29/1/2010,1.126.474,1.126.474
18,BED,CTCP Sách và Thiết bị trường học Đà Nẵng,"Thương mại và dịch vụ lưu trú, ăn uống",21/10/2009,3.000.000,3.000.000
19,BKC,CTCP Khoáng Sản Bắc Kạn,Khai khoáng và Dầu khí,18/8/2009,11.737.728,11.737.728
20,BLF,CTCP Thủy sản Bạc Liêu,Công nghiệp,2/6/2008,11.500.000,11.500.000
21,BNA,CTCP Đầu tư Sản xuất Bảo Ngọc,,12/10/2020,24.999.855,24.999.855
22,BPC,CTCP Vicem Bao bì Bỉm sơn,Công nghiệp,8/6/2009,3.800.000,3.800.000
23,BSC,CÔNG TY CP DỊCH VỤ BẾN THÀNH,Hoạt động kinh doanh bất động sản,5/1/2011,3.150.747,3.150.747
24,BST,CTCP Sách và Thiết bị Bình Thuận,"Thương mại và dịch vụ lưu trú, ăn uống",18/12/2008,1.100.000,1.100.000
25,BTS,CTCP Xi măng VICEM Bút Sơn,Công nghiệp,5/12/2006,123.559.858,123.559.858
26,BTW,CTCP Cấp nước Bến Thành,Công nghiệp,14/11/2017,9.360.000,9.360.000
27,BVS,Công ty Cổ phần Chứng khoán Bảo Việt,Tài chính,18/12/2006,72.233.937,72.200.145
28,BXH,Công Ty Cổ phần Vicem bao bì Hải Phòng,Công nghiệp,25/11/2009,3.012.040,3.012.040
29,C69,CTCP Xây dựng 1369,Xây dựng,21/4/2017,60.000.000,61.799.972
30,CAG,CTCP Cảng An Giang,Vận tải kho bãi,4/12/2017,13.800.000,13.800.000
31,CAN,CTCP Đồ hộp Hạ Long,Công nghiệp,12/6/2009,5.000.000,5.000.000
32,CAP,Công ty Cổ phần lâm nông sản thực phẩm Yên Bái,Công nghiệp,9/1/2008,7.853.968,7.853.968
33,CCR,CTCP Cảng Cam Ranh,Vận tải kho bãi,19/11/2021,24.501.817,24.453.617
34,CDN,Công ty Cổ phần Cảng Đà Nẵng,Vận tải kho bãi,30/11/2016,99.000.000,99.000.000
35,CEO,CTCP Tập đoàn C.E.O,Hoạt động kinh doanh bất động sản,29/9/2014,257.339.985,257.339.985
36,CET,CTCP HTC Holding,Công nghiệp,28/7/2017,6.050.000,6.050.000
37,CIA,CTCP Dịch vụ Sân bay Quốc tế Cam Ranh,"Thương mại và dịch vụ lưu trú, ăn uống",29/11/2017,19.709.904,18.661.243
38,CJC,CTCP Cơ điện Miền Trung,Công nghiệp,14/12/2006,4.000.000,4.000.000
39,CKV,CTCP COKYVINA,"Thông tin, truyền thông và các hoạt động khác",11/3/2010,4.050.000,4.012.000
40,CLH,CTCP Xi măng La Hiên VVMI,Công nghiệp,7/6/2016,12.000.000,12.000.000
41,CLM,CTCP Xuất nhập khẩu than - Vinacomin,Khai khoáng và Dầu khí,15/4/2016,11.000.000,11.000.000
42,CMC,CTCP Đầu tư CMC,"Thương mại và dịch vụ lưu trú, ăn uống",11/12/2006,4.561.050,4.561.050
43,CMS,CTCP Tập đoàn CMH Việt Nam,Xây dựng,29/11/2010,25.452.500,25.452.500
44,CPC,CTCP Thuốc sát trùng Cần Thơ,Công nghiệp,18/1/2010,4.303.050,4.081.450
45,CSC,CTCP Tập đoàn COTANA,Xây dựng,4/11/2009,25.553.740,25.553.740
46,CTB,CTCP Chế tạo bơm Hải Dương,Công nghiệp,10/10/2006,13.680.000,13.680.000
47,CTC,CTCP Tập đoàn Hoàng Kim Tây Nguyên,"Thương mại và dịch vụ lưu trú, ăn uống",18/7/2008,15.799.926,15.799.926
48,CTP,CTCP Minh Khang Capital Trading Public,Công nghiệp,28/7/2016,12.099.992,12.099.992
49,CTT,CTCP Chế tạo máy - Vinacomin,Công nghiệp,17/7/2015,4.697.351,4.697.351
50,CTX,Tổng công ty cổ phần Đầu tư xây dựng và Thương mại Việt Nam,Xây dựng,24/5/2012,78.907.276,78.907.276
51,CVN,CÔNG TY CỔ PHẦN VINAM,"Thương mại và dịch vụ lưu trú, ăn uống",6/8/2010,29.699.991,29.699.991
52,CX8,CTCP Đầu tư và Xây lắp Constrexim số 8,Xây dựng,19/5/2006,2.110.586,2.208.426
53,D11,Công ty cổ phần Địa ốc 11,Xây dựng,25/2/2011,6.551.965,7.338.138
54,DAD,CTCP Đầu tư và Phát triển Giáo dục Đã Nẵng,"Thông tin, truyền thông và các hoạt động khác",19/8/2009,5.000.000,4.659.200
55,DAE,CTCP Sách giáo dục tại Tp. Đà Nẵng,"Thông tin, truyền thông và các hoạt động khác",28/12/2006,1.498.680,1.498.680
56,DC2,CTCP Đầu tư Phát triển - Xây dựng (DIC) số 2,Xây dựng,2/7/2010,7.196.673,7.196.673
57,DDG,CTCP Đầu tư Công nghiệp Xuất nhập khẩu Đông Dương,VIỄN THÔNG,18/12/2018,59.839.886,59.839.886
58,DHP,CTCP Điện cơ Hải Phòng,Công nghiệp,21/3/2013,9.492.200,9.492.200
59,DHT,CTCP Dược phẩm Hà Tây,Y tế,3/12/2008,26.408.828,26.407.315
60,DIH,Công ty Cổ phần Đầu tư Phát triển Xây dựng - Hội An,Xây dựng,27/4/2011,5.979.962,5.910.262
61,DL1,CTCP Tập đoàn Alpha Seven,Vận tải kho bãi,10/3/2010,106.236.094,106.236.094
62,DNC,CTCP Điện nước lắp máy Hải Phòng,Công nghiệp,23/12/2009,6.422.258,6.422.258
63,DNM,TỔNG CÔNG TY CỔ PHẦN Y TẾ DANAMECO,Y tế,16/2/2011,5.253.070,5.253.070
64,DNP,CÔNG TY CỔ PHẦN DNP HOLDING,Công nghiệp,19/6/2009,118.909.913,118.901.103
65,DP3,CTCP Dược phẩm Trung ương 3,Y tế,17/7/2015,8.600.000,8.600.000
66,DPC,Công ty Cổ phần Nhựa Đà Nẵng,Công nghiệp,10/6/2009,2.237.280,2.237.280
67,DS3,CTCP DS3,"Thương mại và dịch vụ lưu trú, ăn uống",21/8/2017,10.669.730,10.669.730
68,DST,CTCP Đầu tư Sao Thăng Long,"Thương mại và dịch vụ lưu trú, ăn uống",16/10/2007,32.300.000,32.219.000
69,DTC,CTCP Viglacera Đông Triều,Công nghiệp,16/11/2021,10.000.000,10.000.000
70,DTD,CTCP Đầu tư Phát triển Thành Đạt,Xây dựng,16/11/2017,42.908.789,42.908.789
71,DTK,Tổng công ty Điện lực TKV - CTCP,Công nghiệp,25/12/2020,682.767.475,682.767.475
72,DVG,CTCP Tập đoàn Sơn Đại Việt,Công nghiệp,14/1/2021,28.000.000,28.000.000
73,DVM,CTCP Dược liệu Việt Nam,TÀI CHÍNH,19/7/2022,35.650.000,35.650.000
74,DXP,CTCP Cảng Đoạn Xá,Vận tải kho bãi,8/6/2009,29.464.334,29.464.334
75,DZM,CTCP Cơ điện Dzĩ An,Công nghiệp,11/6/2009,5.395.985,5.395.985
76,EBS,"CTCP Sách giáo dục tại TP, Hà Nội","Thông tin, truyền thông và các hoạt động khác",21/12/2006,10.219.484,9.965.584
77,ECI,CTCP Tập đoàn ECI,"Thông tin, truyền thông và các hoạt động khác",16/6/2009,1.860.000,1.760.000
78,EID,CTCP Đầu tư và Phát triển Giáo dục Hà Nội,"Thông tin, truyền thông và các hoạt động khác",11/8/2009,15.000.000,15.000.000
79,EVS,Công ty cổ phần Chứng khoán Everest,Tài chính,26/6/2019,103.000.400,103.000.400
80,FID,CTCP Đầu tư và Phát triển Doanh nghiệp Việt Nam,"Thương mại và dịch vụ lưu trú, ăn uống",20/5/2015,24.715.958,24.715.958
81,GDW,CTCP Cấp nước Gia Định,Công nghiệp,18/12/2018,9.500.000,9.500.000
82,GIC,CTCP Đầu tư Dịch vụ và Phát triển Xanh,DỊCH VỤ TIÊU DÙNG,6/11/2020,12.120.000,12.120.000
83,GKM,CTCP Khang Minh Group,Công nghiệp,17/7/2017,26.195.240,26.195.240
84,GLT,CTCP Kỹ thuật Điện Toàn Cầu,"Thương mại và dịch vụ lưu trú, ăn uống",26/11/2009,10.049.528,9.350.942
85,GMA,CTCP G-Automobile,VIỄN THÔNG,1/12/2020,19.999.999,19.999.999
86,GMX,CTCP Gạch Ngói Gốm Xây dựng Mỹ Xuân,Công nghiệp,15/9/2011,9.040.697,9.034.451
87,HAD,CTCP Bia Hà Nội - Hải Dương,Công nghiệp,27/10/2009,4.000.000,4.000.000
88,HAT,CTCP Thương mại Bia Hà Nội,"Thương mại và dịch vụ lưu trú, ăn uống",29/10/2010,3.123.000,3.123.000
89,HBS,Công ty Cổ phần Chứng khoán Hòa Bình,Tài chính,16/7/2010,32.999.980,32.999.980
90,HCC,CTCP Bê tông Hòa Cầm - Intimex,Công nghiệp,24/12/2007,6.518.586,6.518.547
91,HCT,CTCP Thương mại-Dịch vụ-Vận tải Xi măng Hải Phòng,Vận tải kho bãi,27/11/2007,2.016.385,2.016.385
92,HDA,CTCP Hãng sơn Đông Á,Công nghiệp,27/12/2010,27.599.967,27.599.967
93,HEV,Công ty Cổ phần Sách Đại học - Dạy nghề,"Thông tin, truyền thông và các hoạt động khác",11/12/2007,1.000.000,1.000.000
94,HGM,Công ty Cổ phần Cơ khí và Khoáng sản Hà Giang,Khai khoáng và Dầu khí,21/12/2009,12.600.000,11.920.720
95,HHC,Công ty cổ phần Bánh kẹo Hải Hà,Công nghiệp,20/11/2007,16.425.000,16.425.000
96,HJS,CTCP Thủy điện Nậm Mu,Công nghiệp,20/12/2006,20.999.900,20.999.900
97,HKT,CTCP Đầu tư Ego Việt Nam,"Thương mại và dịch vụ lưu trú, ăn uống",12/1/2017,6.135.029,6.135.029
98,HLC,CTCP Than Hà Lầm - Vinacomin,Khai khoáng và Dầu khí,5/3/2009,25.415.199,25.415.199
99,HLD,CTCP Đầu tư và phát triển Bất động sản HUDLAND,Hoạt động kinh doanh bất động sản,26/3/2013,20.000.000,20.000.000
100,HMH,CTCP Hải Minh,Vận tải kho bãi,28/7/2010,13.199.847,12.847.647
101,HMR,CTCP Đá Hoàng Mai,Công nghiệp,13/1/2022,5.612.444,5.612.444
102,HOM,CTCP Xi măng VICEM Hoàng Mai,Công nghiệp,9/7/2009,74.769.131,71.997.731
103,HTC,Công ty Cổ phần Thương mại Hóc Môn,"Thương mại và dịch vụ lưu trú, ăn uống",7/5/2010,16.499.993,16.499.993
104,HTP,CTCP In sách giáo khoa Hòa Phát,Công nghiệp,14/12/2006,91.804.980,91.804.980
105,HUT,CTCP Tasco,Xây dựng,11/4/2008,348.631.965,348.631.965
106,HVT,CTCP Hóa chất Việt Trì,Công nghiệp,8/5/2009,10.988.059,10.988.059
107,ICG,CTCP Xây dựng Sông Hồng,Hoạt động kinh doanh bất động sản,21/4/2009,20.000.000,17.572.000
108,IDC,Tổng Công ty IDICO - CTCP,Xây dựng,10/12/2019,329.999.929,329.999.929
109,IDJ,CTCP Đầu tư IDJ Việt Nam,Hoạt động kinh doanh bất động sản,13/9/2010,173.490.193,173.490.193
110,IDV,Công ty Cổ phần Phát triển Hạ tầng Vĩnh Phúc,Hoạt động kinh doanh bất động sản,1/6/2010,30.273.276,30.273.276
111,INC,CTCP Tư vấn Đầu tư IDICO,"Hoạt động chuyên môn, khoa học và công nghệ;hành chính và dịch vụ hỗ trợ",14/7/2011,1.800.000,2.000.000
112,INN,CTCP Bao bì và In Nông nghiệp,Công nghiệp,22/1/2010,18.000.000,17.958.000
113,IPA,CTCP Tập đoàn Đầu tư I.P.A,,1/11/2021,213.835.775,213.835.775
114,ITQ,CTCP Tập đoàn Thiên Quang,Công nghiệp,1/10/2012,31.843.305,31.843.305
115,IVS,Công ty Cổ phần Chứng khoán Guotai Junan (Việt Nam),Tài chính,1/8/2011,69.350.000,69.350.000
116,KDM,Công ty Cổ Phần Tập đoàn GCL,,29/3/2016,7.100.000,7.100.000
117,KHS,CTCP Kiên Hùng,"Nông nghiệp, Lâm nghiệp và Thủy sản",26/12/2017,12.090.969,12.090.969
118,KKC,Công ty Cổ phần Tập đoàn Thành Thái,"Thương mại và dịch vụ lưu trú, ăn uống",21/8/2008,5.200.000,5.199.816
119,KLF,CTCP Đầu tư Thương mại và Xuất nhập khẩu CFS,"Thương mại và dịch vụ lưu trú, ăn uống",23/9/2013,165.352.561,165.352.561
120,KMT,CTCP Kim khí Miền Trung,,10/8/2009,9.846.562,9.846.562
121,KSD,CTCP Đầu tư DNA,Công nghiệp,28/4/2010,12.000.000,12.000.000
122,KSF,Công ty cổ phần Tập đoàn Real Tech,Hoạt động kinh doanh bất động sản,6/10/2021,300.000.000,300.000.000
123,KSQ,CTCP CNC Capital Việt Nam,"Thương mại và dịch vụ lưu trú, ăn uống",26/7/2013,30.000.000,30.000.000
124,KST,Công ty Cổ phần KASATI,"Thông tin, truyền thông và các hoạt động khác",29/12/2010,5.992.020,5.992.020
125,KSV,Tổng Công ty Khoáng Sản TKV - CTCP,Khai khoáng và Dầu khí,2/2/2023,200.000.000,200.000.000
126,KTS,CTCP Đường KonTum,Công nghiệp,1/6/2011,5.070.000,5.070.000
127,KTT,Công ty cổ phần Tập đoàn Đầu tư KTT,Xây dựng,28/10/2010,2.955.000,2.955.000
128,L14,CTCP Licogi 14,Xây dựng,13/9/2011,30.859.515,30.859.315
129,L18,CTCP Đầu tư và Xây dựng số 18,Xây dựng,23/4/2008,38.116.528,38.116.528
130,L40,CTCP Đầu tư và Xây dựng 40,Y TẾ,27/1/2021,3.600.000,3.577.000
131,L43,CTCP Lilama 45.3,Công nghiệp,11/6/2008,3.500.000,3.500.000
132,L61,CTCP Lilama 69-1,Công nghiệp,19/11/2008,7.576.200,7.576.200
133,L62,Công ty cổ phần LILAMA 69-2,Công nghiệp,21/4/2008,8.298.243,8.298.243
134,LAS,CTCP Supe Phốt phát và Hóa chất Lâm Thao,,1/3/2012,112.856.400,112.856.400
135,LBE,CTCP Sách và Thiết bị Trường học Long An,"Thương mại và dịch vụ lưu trú, ăn uống",22/2/2008,1.999.934,1.999.934
136,LCD,ctcp Lắp máy - Thí nghiệm cơ điện,"Hoạt động chuyên môn, khoa học và công nghệ;hành chính và dịch vụ hỗ trợ",15/11/2010,1.474.000,1.499.945
137,LDP,CTCP Dược Lâm Đồng - Ladophar,Y tế,20/7/2010,12.703.167,12.703.135
138,LHC,CTCP Đầu tư và Xây dựng Thủy lợi Lâm Đồng,,13/1/2010,14.400.000,14.400.000
139,LIG,CTCP Licogi 13,Xây dựng,22/4/2010,95.084.569,94.220.661
140,LUT,CTCP Đầu tư Xây dựng Lương Tài,Xây dựng,4/1/2008,15.000.000,14.960.000
141,MAC,CTCP Cung ứng và Dịch vụ Kỹ thuật hàng hải,Công nghiệp,24/12/2009,15.139.745,15.139.745
142,MAS,CTCP Dịch vụ Hàng Không Sân Bay Đà Nẵng,"Thương mại và dịch vụ lưu trú, ăn uống",15/7/2014,4.267.683,4.267.683
143,MBG,CTCP Tập Đoàn MBG,Công nghiệp,26/11/2015,120.218.540,120.218.540
144,MBS,Công ty Cổ phần Chứng khoán MB,Tài chính,28/3/2016,380.593.118,380.562.677
145,MCC,CTCP Gạch ngói cao cấp,Công nghiệp,26/4/2010,5.016.124,4.986.124
146,MCF,Công ty CP Xây lắp Cơ khí và Lương thực Thực phẩm,Công nghiệp,14/2/2011,10.777.838,10.777.838
147,MCO,CTCP Đầu tư & Xây dựng BDC Việt Nam,Xây dựng,21/12/2006,4.103.929,4.103.929
148,MDC,CTCP Than Mông Dương - Vinacomin,Khai khoáng và Dầu khí,23/7/2009,21.418.346,21.418.346
149,MED,CTCP Dược Trung Ương Mediplantex,TÀI CHÍNH,18/3/2020,12.410.000,12.410.000
150,MEL,CTCP Thép Mê Lin,Công nghiệp,27/9/2017,15.000.000,15.000.000
151,MHL,CTCP Minh Hữu Liên,"Thương mại và dịch vụ lưu trú, ăn uống",26/11/2009,5.430.923,5.288.623
152,MIM,CTCP Khoáng sản và Cơ khí,Công nghiệp,16/8/2010,3.409.860,3.409.860
153,MKV,CTCP Dược Thú Y Cai Lậy,Y tế,21/11/2008,5.000.038,5.000.000
154,MST,CTCP Đầu tư MST,Xây dựng,10/5/2016,68.140.691,68.140.691
155,MVB,Tổng công ty Công nghiệp mỏ Việt Bắc TKV - CTCP,Khai khoáng và Dầu khí,28/10/2020,105.000.000,105.000.000
156,NAG,CTCP Tập Đoàn Nagakawa,Công nghiệp,22/9/2009,31.646.541,31.646.539
157,NAP,Công ty Cổ phần Cảng Nghệ Tĩnh,Vận tải kho bãi,27/3/2018,21.517.200,21.517.200
158,NBC,CTCP Than Núi Béo - Vinacomin,Khai khoáng và Dầu khí,27/12/2006,36.999.124,36.999.124
159,NBP,Công ty cổ phần  Nhiệt điện Ninh Bình,Công nghiệp,6/8/2009,12.865.500,12.865.500
160,NBW,CTCP Cấp nước Nhà Bè,Công nghiệp,14/11/2017,10.900.000,10.900.000
161,NDN,CTCP Đầu tư phát triển Nhà Đà Nẵng,Hoạt động kinh doanh bất động sản,21/4/2011,71.657.936,71.657.936
162,NDX,CTCP Xây lắp Phát triển Nhà Đà Nẵng,Xây dựng,17/7/2013,9.987.557,9.587.557
163,NET,Công ty Cổ Phần Bột Giặt NET,Công nghiệp,15/9/2010,22.398.374,22.398.374
164,NFC,CTCP Phân lân Ninh Bình,Công nghiệp,3/3/2014,15.731.260,15.731.260
165,NHC,CTCP Gạch ngói Nhị Hiệp,Công nghiệp,17/6/2009,3.041.542,3.041.542
166,NRC,CTCP Tập đoàn Danh Khôi,Hoạt động kinh doanh bất động sản,5/4/2018,92.597.762,92.597.762
167,NSH,CTCP Tập đoàn Nhôm Sông Hồng Shalumi,Công nghiệp,31/7/2017,20.693.437,20.693.437
168,NST,CTCP Ngân Sơn,Công nghiệp,29/12/2006,11.202.003,11.202.003
169,NTH,CTCP Thủy điện Nước Trong,Công nghiệp,19/6/2019,10.802.053,10.802.053
170,NTP,CTCP Nhựa Thiếu niên- Tiền Phong,Công nghiệp,11/12/2006,129.575.334,129.575.334
171,NVB,Ngân hàng TMCP Quốc Dân,Tài chính,13/9/2010,560.155.587,556.803.587
172,OCH,CTCP One Capital Hospitality,"Thương mại và dịch vụ lưu trú, ăn uống",1/10/2010,200.000.000,200.000.000
173,ONE,CTCP Truyền thông số 1,"Thông tin, truyền thông và các hoạt động khác",24/6/2008,7.960.310,7.893.658
174,PBP,CTCP Bao bì Dầu khí Việt Nam,Công nghiệp,27/1/2015,4.799.516,4.799.516
175,PCE,CTCP Phân bón và Hóa chất Dầu khí Miền Trung,Công nghiệp,23/7/2015,10.000.000,10.000.000
176,PCG,Công ty Cổ phần Đầu tư Phát triển Gas Đô thị,"Thương mại và dịch vụ lưu trú, ăn uống",29/12/2010,18.870.000,18.870.000
177,PCH,CTCP Nhựa Picomat,Công nghiệp,28/7/2022,20.000.000,20.000.000
178,PCT,CTCP Vận tải Khí vá Hóa chât Việt Nam,Vận tải kho bãi,12/9/2011,27.599.896,27.599.896
179,PDB,CTCP Tập đoàn Đầu tư DIN Capital,Công nghiệp,3/8/2015,8.909.981,8.909.981
180,PEN,CTCP Xây lắp III Petrolimex,Khai khoáng và Dầu khí,25/9/2014,5.000.000,5.000.000
181,PGN,Công ty cổ phần Phụ Gia Nhựa,Công nghiệp,4/7/2019,8.450.940,8.450.940
182,PGS,CTCP Kinh doanh Khí miền Nam,"Thương mại và dịch vụ lưu trú, ăn uống",15/11/2007,50.000.000,49.998.794
183,PGT,CTCP PGT Holdings,Vận tải kho bãi,25/12/2009,9.241.801,9.241.801
184,PHN,CTCP Pin Hà Nội,,13/3/2019,7.253.911,7.253.911
185,PIA,CTCP Tin học Viễn thông Petrolimex,"Thông tin, truyền thông và các hoạt động khác",6/9/2019,3.900.000,3.900.000
186,PIC,CTCP Đầu tư Điện lực 3,Xây dựng,9/1/2017,33.339.891,33.339.891
187,PJC,CTCP Thương mại và Vận tải Petrolimex Hà Nội,"Thương mại và dịch vụ lưu trú, ăn uống",25/12/2006,7.326.928,7.326.861
188,PLC,Tổng Công ty Hóa dầu Petrolimex - CTCP,Khai khoáng và Dầu khí,27/12/2006,80.798.839,80.797.566
189,PMB,CTCP Phân bón và Hóa chất Dầu khí Miền Bắc,"Thương mại và dịch vụ lưu trú, ăn uống",7/10/2015,12.000.000,12.000.000
190,PMC,CTCP Dược phẩm dược liệu Pharmedic,Y tế,9/10/2009,9.332.573,9.332.573
191,PMP,CTCP Bao bì Đạm Phú Mỹ,Công nghiệp,22/9/2015,4.200.000,4.200.000
192,PMS,CTCP Cơ khí xăng dầu,Công nghiệp,8/6/2009,7.227.662,7.201.772
193,POT,CTCP Thiết bị Bưu điện,"Thông tin, truyền thông và các hoạt động khác",20/12/2006,19.430.006,19.430.006
194,PPE,Công Ty Cổ Phần Tư Vấn Đầu Tư PP ENTERPRISE,"Hoạt động chuyên môn, khoa học và công nghệ;hành chính và dịch vụ hỗ trợ",20/9/2011,2.000.000,2.000.000
195,PPP,CTCP Dược phẩm Phong Phú,Y tế,18/7/2011,8.799.991,8.799.991
196,PPS,Công ty cổ phần Dịch vụ kỹ thuật Điện lực Dầu khí Việt Nam,Công nghiệp,7/1/2011,15.000.000,15.000.000
197,PPY,CTCP Xăng dầu Dầu khí Phú Yên,"Thương mại và dịch vụ lưu trú, ăn uống",2/3/2016,9.343.974,9.343.974
198,PRC,CTCP Logistics Portserco,Vận tải kho bãi,29/11/2010,1.200.000,1.200.000
199,PRE,Tổng CTCP Tái Bảo hiểm PVI,Tài chính,24/12/2020,72.800.000,72.800.000
200,PSC,CTCP Vận tải và Dịch vụ Petrolimex Sài Gòn,"Thương mại và dịch vụ lưu trú, ăn uống",29/12/2006,7.200.000,7.200.000
201,PSD,CTCP Dịch vụ Phân phối Tổng hợp Dầu khí,"Thương mại và dịch vụ lưu trú, ăn uống",28/6/2013,39.887.409,39.887.409
202,PSE,CTCP Phân bón và Hóa chất Dầu khí Đông Nam Bộ,Công nghiệp,18/3/2015,12.500.000,12.500.000
203,PSI,Công ty Cổ phần Chứng khoán Dầu khí,Tài chính,21/7/2010,59.841.300,59.841.300
204,PSW,CTCP Phân bón và Hóa chất Dầu khí Tây Nam Bộ,Công nghiệp,21/7/2015,17.000.000,17.000.000
205,PTD,CÔNG TY CỔ PHẦN THIẾT KẾ XÂY DỰNG THƯƠNG MẠI PHÚC THỊNH,Xây dựng,10/11/2015,3.200.000,3.200.000
206,PTI,TỔNG CÔNG TY CỔ PHẦN BẢO HIỂM BƯU ĐIỆN,Tài chính,1/3/2011,80.395.709,80.395.709
207,PTS,CTCP Vận tải và Dịch vụ Petrolimex Hải Phòng,"Thương mại và dịch vụ lưu trú, ăn uống",1/12/2006,5.568.000,5.568.000
208,PV2,Công ty cổ phần Đầu tư PV2,Tài chính,16/12/2010,37.350.000,36.868.800
209,PVB,CTCP Bọc Ống Dầu khí Việt Nam,Khai khoáng và Dầu khí,24/12/2013,21.599.998,21.599.998
210,PVC,Tổng Công ty Hóa chất và Dịch vụ Dầu khí - CTCP (PVChem),Khai khoáng và Dầu khí,15/11/2007,50.000.000,50.000.000
211,PVG,Công ty cổ phần Kinh doanh LPG Việt Nam,"Thương mại và dịch vụ lưu trú, ăn uống",7/1/2009,36.500.000,36.500.000
212,PVI,CTCP PVI,Tài chính,10/8/2007,234.241.867,234.241.867
213,PVS,Tổng CTCP Dịch Vụ Kỹ Thuật Dầu Khí Việt Nam,Khai khoáng và Dầu khí,20/9/2007,477.966.290,477.966.290
214,QHD,CTCP Que hàn điện Việt Đức,Công nghiệp,22/4/2010,5.524.716,5.524.716
215,QST,CTCP Sách và Thiết bị Trường học Quảng Ninh,"Thương mại và dịch vụ lưu trú, ăn uống",16/2/2009,3.240.000,3.240.000
216,QTC,Công ty Cổ phần Công trình Giao thông Vận tải Quảng Nam,Xây dựng,16/1/2009,2.700.000,2.700.000
217,RCL,Công Ty Cổ Phần Địa ốc Chợ Lớn,Xây dựng,14/6/2007,13.858.714,13.858.714
218,S55,Công ty cổ phần Sông Đà 505,Xây dựng,22/12/2006,10.000.000,10.000.000
219,S99,Công ty cổ phần SCI,Xây dựng,22/12/2006,85.454.000,85.454.000
220,SAF,CTCP Lương thực Thực phẩm SAFOCO,Công nghiệp,8/6/2009,12.046.590,12.046.590
221,SCG,Công ty cổ phần Tập đoàn Xây dựng SCG,,25/10/2021,85.000.000,85.000.000
222,SCI,CTCP SCI E&C,Xây dựng,5/1/2016,25.409.847,25.409.847
223,SD5,CTCP Sông Đà 5,Xây dựng,27/12/2006,25.999.848,25.999.848
224,SD6,CTCP Sông Đà 6,Xây dựng,25/12/2006,34.771.611,34.771.611
225,SD9,CTCP Sông Đà 9,Xây dựng,20/12/2006,34.234.000,34.234.000
226,SDA,CTCP SIMCO Sông Đà,Xây dựng,21/12/2006,26.206.158,26.205.990
227,SDC,CTCP Tư vấn Sông Đà,"Hoạt động chuyên môn, khoa học và công nghệ;hành chính và dịch vụ hỗ trợ",25/12/2006,2.609.710,2.609.648
228,SDG,CTCP Sadico Cần Thơ,Công nghiệp,22/12/2009,7.139.997,10.139.997
229,SDN,CTCP Sơn Đồng Nai,Công nghiệp,22/6/2009,1.518.218,1.518.218
230,SDT,CTCP Sông Đà 10,Xây dựng,14/12/2006,42.732.311,42.732.311
231,SDU,CTCP Đầu tư xây dựng và Phát triển đô thị Sông Đà,Hoạt động kinh doanh bất động sản,28/9/2009,20.000.000,20.000.000
232,SEB,CÔNG TY CỔ PHẦN ĐẦU TƯ VÀ PHÁT TRIỂN ĐIỆN MIỀN TRUNG,Công nghiệp,14/1/2009,31.999.969,31.999.969
233,SED,CTCP Đầu tư và Phát triển Giáo dục Phương Nam,"Thông tin, truyền thông và các hoạt động khác",19/8/2009,10.000.000,9.271.800
234,SFN,CTCP Dệt lưới Sài Gòn,Công nghiệp,12/6/2009,3.000.000,2.864.150
235,SGC,CTCP Xuất nhập khẩu Sa Giang,Công nghiệp,18/6/2009,7.147.580,7.147.580
236,SGD,CTCP Sách giáo dục tại Tp. HCM,"Thông tin, truyền thông và các hoạt động khác",28/12/2006,4.137.000,4.043.000
237,SGH,CTCP Khách sạn Sài Gòn,"Thương mại và dịch vụ lưu trú, ăn uống",30/7/2009,12.364.100,12.364.100
238,SHE,CTCP Phát triển năng lượng Sơn Hà,Công nghiệp,25/1/2019,9.585.511,9.585.511
239,SHN,CTCP Đầu tư Tổng hợp Hà Nội,Tài chính,16/12/2009,129.607.147,129.607.147
240,SHS,Công ty Cổ phần chứng khoán Sài Gòn - Hà Nội,Tài chính,25/6/2009,813.156.748,813.156.748
241,SIC,CTCP ANI,Công nghiệp,27/12/2006,23.999.270,23.999.264
242,SJ1,CTCP Nông nghiệp Hùng Hậu,Công nghiệp,8/6/2009,23.485.154,23.484.144
243,SJE,CTCP Sông Đà 11,Xây dựng,14/12/2006,21.971.826,21.971.826
244,SLS,CTCP Mía đường Sơn La,Công nghiệp,16/10/2012,9.791.945,9.791.945
245,SMN,CTCP Sách và Thiết bị Giáo dục Miền Nam,"Thương mại và dịch vụ lưu trú, ăn uống",14/7/2015,4.405.000,4.385.000
246,SMT,CTCP SAMETEL,"Thông tin, truyền thông và các hoạt động khác",30/7/2010,5.467.432,5.467.432
247,SPC,CTCP Bảo vệ Thực vật Sài Gòn,,27/1/2022,10.530.000,10.530.000
248,SPI,CTCP SPIRAL GALAXY,"Thương mại và dịch vụ lưu trú, ăn uống",26/9/2012,16.815.000,16.815.000
249,SRA,CTCP SARA Việt Nam,Hoạt động kinh doanh bất động sản,18/1/2008,43.199.974,43.199.974
250,SSM,CTCP Chế tạo Kết cấu thép VNECO.SSM,Công nghiệp,17/11/2008,5.501.024,4.947.477
251,STC,"CTCP Sách và Thiết bị Trường học tại Tp, HCM","Hoạt động chuyên môn, khoa học và công nghệ;hành chính và dịch vụ hỗ trợ",27/12/2006,5.665.530,5.665.530
252,STP,Công ty cổ phần Công nghiệp Thương mại Sông Đà,Công nghiệp,9/10/2006,8.045.744,8.022.063
253,SVN,CTCP Tập đoàn VEXILLA Việt Nam,Xây dựng,26/7/2011,21.000.000,21.000.000
254,SZB,CTCP Sonadezi Long Bình,Hoạt động kinh doanh bất động sản,20/12/2019,30.000.000,30.000.000
255,TA9,CTCP Xây lắp Thành An 96,Xây dựng,31/7/2015,12.419.787,12.419.787
256,TAR,CTCP Nông nghiệp Công nghệ cao Trung An,"Nông nghiệp, Lâm nghiệp và Thủy sản",20/2/2019,78.319.777,78.319.777
257,TBX,CTCP Xi măng Thái Bình,Công nghiệp,18/11/2008,1.510.280,1.510.280
258,TC6,CTCP Than Cọc Sáu - Vinacomin,Khai khoáng và Dầu khí,26/6/2008,32.496.105,32.496.105
259,TDN,CTCP Than Đèo Nai - Vinacomin,Khai khoáng và Dầu khí,21/11/2008,29.439.097,29.439.097
260,TDT,CTCP Đầu tư và Phát triển TDT,Công nghiệp,18/7/2018,23.896.534,23.896.534
261,TET,CTCP Vải sợi may mặc miền Bắc,Vận tải kho bãi,28/4/2010,5.702.940,5.702.940
262,TFC,Công ty Cổ phần Trang,Công nghiệp,3/12/2015,16.829.994,16.829.994
263,THB,CTCP Bia  Hà Nội - Thanh Hoá,Công nghiệp,19/11/2008,11.424.570,11.424.570
264,THD,CTCP Thaiholdings,"Thương mại và dịch vụ lưu trú, ăn uống",19/6/2020,350.000.000,350.000.000
265,THS,CTCP Thanh Hoa - Sông Đà,"Thương mại và dịch vụ lưu trú, ăn uống",12/11/2013,3.000.000,2.700.000
266,THT,CTCP Than Hà Tu - Vinacomin,Khai khoáng và Dầu khí,24/10/2008,24.569.052,24.569.052
267,TIG,CTCP Tập đoàn Đầu tư Thăng Long,Tài chính,8/10/2010,176.006.485,176.006.485
268,TJC,CTCP Dịch vụ Vận tải và Thương mại,Vận tải kho bãi,17/12/2007,8.600.000,8.600.000
269,TKC,CTCP Xây dựng và Kinh doanh Địa ốc Tân Kỷ,Xây dựng,1/12/2009,15.674.712,15.024.712
270,TKG,CTCP Sản xuất và Thương mại Tùng Khánh,Công nghiệp,29/8/2022,6.315.312,6.315.312
271,TKU,CTCP Công nghiệp Tungkuang,Công nghiệp,26/6/2006,6.596.372,42.619.698
272,TMB,CTCP Kinh doanh than miền Bắc-Vinacomin,Khai khoáng và Dầu khí,16/1/2017,15.000.000,15.000.000
273,TMC,CTCP Thương mại Xuất nhập khẩu Thủ Đức,"Thương mại và dịch vụ lưu trú, ăn uống",8/6/2009,12.400.000,12.400.000
274,TMX,CTCP Vicem Thương mại xi măng,"Thương mại và dịch vụ lưu trú, ăn uống",2/11/2009,6.000.000,6.000.000
275,TNG,CTCP Đầu tư và Thương mại TNG,Công nghiệp,22/11/2007,105.117.758,105.117.758
276,TOT,CÔNG TY CỔ PHẦN TRANSIMEX LOGISTICS,Vận tải kho bãi,20/1/2022,5.495.000,5.495.000
277,TPH,CTCP In Sách giáo khoa tại Tp. Hà Nội,Công nghiệp,15/12/2006,2.095.985,2.095.985
278,TPP,CTCP Tân Phú Việt Nam,Công nghiệp,26/9/2008,45.000.000,45.000.000
279,TSB,CTCP Ắc quy Tia Sáng,Công nghiệp,10/1/2011,6.745.480,6.745.480
280,TTC,CTCP Gạch men Thanh Thanh,Công nghiệp,7/1/2010,5.992.348,5.940.528
281,TTH,CTCP Thương mại và Dịch vụ Tiến Thành,"Thương mại và dịch vụ lưu trú, ăn uống",26/10/2016,37.374.846,37.374.846
282,TTL,Tổng Công ty Thăng Long - CTCP,Xây dựng,18/1/2018,41.908.000,41.853.700
283,TTT,CTCP Du lịch - Thương mại Tây Ninh,Vận tải kho bãi,2/6/2017,4.570.210,4.570.210
284,TTZ,CTCP Đầu tư Xây dựng và Công nghệ Tiến Trung,Vận tải kho bãi,29/1/2013,7.570.444,7.570.444
285,TV3,Công ty cổ phần Tư vấn Xây dựng điện 3,"Hoạt động chuyên môn, khoa học và công nghệ;hành chính và dịch vụ hỗ trợ",1/12/2009,9.517.303,9.517.289
286,TV4,CTCP Tư vấn Xây dựng điện 4,"Hoạt động chuyên môn, khoa học và công nghệ;hành chính và dịch vụ hỗ trợ",22/7/2008,19.846.016,19.781.493
287,TVC,CTCP Tập đoàn Quản lý Tài sản Trí Việt,"Hoạt động chuyên môn, khoa học và công nghệ;hành chính và dịch vụ hỗ trợ",23/9/2014,118.610.670,118.610.670
288,TVD,CTCP Than Vàng Danh - Vinacomin,Khai khoáng và Dầu khí,11/1/2011,44.962.864,44.962.864
289,TXM,CTCP Vicem Thạch cao Xi măng,"Thương mại và dịch vụ lưu trú, ăn uống",11/12/2006,7.000.000,7.000.000
290,UNI,CTCP ĐẦU TƯ VÀ PHÁT TRIỂN SAO MAI VIỆT,Xây dựng,8/6/2009,15.617.632,15.617.632
291,V12,Công ty cổ phần xây dựng số 12,Xây dựng,5/1/2010,11.636.000,11.636.000
292,V21,CTCP Vinaconex 21,Xây dựng,21/4/2010,11.999.789,11.999.789
293,VBC,CTCP Nhựa Bao bì Vinh,Công nghiệp,17/3/2010,7.499.972,7.499.960
294,VC1,Công ty cổ phần xây dựng số 1,,14/5/2009,12.000.000,12.000.000
295,VC2,Công ty cổ phần Đầu tư và Xây dựng VINA2,Xây dựng,11/12/2006,47.199.410,47.199.410
296,VC3,Công ty Cổ phần Tập đoàn Nam Mê Kông,Hoạt động kinh doanh bất động sản,13/12/2007,100.217.588,100.217.588
297,VC6,Công ty cổ phần Xây dựng và đầu tư Visicons,Xây dựng,28/1/2008,8.799.882,8.799.882
298,VC7,CTCP TẬP ĐOÀN BGI,Xây dựng,28/12/2007,48.045.592,48.045.278
299,VC9,Công ty cổ phần xây dựng số 9- VC9,Xây dựng,5/11/2009,12.000.000,11.695.200
300,VCC,CTCP Vinaconex 25,Xây dựng,5/2/2009,12.000.000,12.000.000
301,VCM,CTCP Nhân lực và Thương mại Vinaconex,"Hoạt động chuyên môn, khoa học và công nghệ;hành chính và dịch vụ hỗ trợ",11/5/2010,3.000.000,3.000.000
302,VCS,CTCP VICOSTONE,Công nghiệp,17/12/2007,160.000.000,160.000.000
303,VDL,CTCP Thực phẩm Lâm Đồng,Công nghiệp,27/11/2007,14.657.150,14.657.150
304,VE1,CTCP Xây dựng điện VNECO 1,Xây dựng,4/9/2008,6.000.000,5.931.280
305,VE2,CTCP Xây dựng điện VNECO 2,Xây dựng,26/7/2010,2.158.880,2.098.080
306,VE3,CTCP Xây dựng điện VNECO3,Xây dựng,30/6/2010,1.319.710,1.319.710
307,VE4,CTCP Xây dựng Điện Vneco 4,Xây dựng,16/10/2012,1.028.000,1.028.000
308,VE8,CTCP Xây dựng Điện Vneco 8,Xây dựng,24/7/2012,1.800.000,1.800.000
309,VGP,CTCP Cảng Rau Quả,Vận tải kho bãi,12/6/2009,8.214.692,7.825.922
310,VGS,Công ty Cổ Phần Ống thép Việt Đức VGPIPE,Công nghiệp,4/12/2008,48.427.921,48.427.921
311,VHE,CTCP Dược liệu và Thực phẩm Việt Nam,Công nghiệp,14/1/2019,33.140.000,33.139.996
312,VHL,CTCP Viglacera Hạ Long,Công nghiệp,12/2/2009,25.000.000,25.000.000
313,VIF,Tổng công ty Lâm nghiệp Việt Nam- CTCP,"Nông nghiệp, Lâm nghiệp và Thủy sản",3/2/2020,350.000.000,350.000.000
314,VIG,Công ty cổ phần Chứng khoán Đầu tư Tài chính Việt Nam,Tài chính,1/12/2009,45.133.300,45.133.300
315,VIT,CÔNG TY CỔ PHẦN VIGLACERA TIÊN SƠN,Công nghiệp,3/11/2009,50.000.000,49.999.664
316,VLA,CTCP Đầu tư và phát triển công nghệ Văn Lang,"Thông tin, truyền thông và các hoạt động khác",4/8/2010,1.997.998,1.997.998
317,VMC,Công ty cổ phần VIMECO,Xây dựng,11/12/2006,21.599.583,21.599.583
318,VMS,Công ty cổ phần Phát triển Hàng hải,Vận tải kho bãi,20/10/2015,9.000.000,9.000.000
319,VNC,CTCP Tập đoàn Vinacontrol,"Hoạt động chuyên môn, khoa học và công nghệ;hành chính và dịch vụ hỗ trợ",21/12/2006,10.499.955,10.499.560
320,VNF,CTCP Vinafreight,Vận tải kho bãi,1/12/2010,31.715.880,31.700.380
321,VNR,Tổng CTCP Tái Bảo hiểm Quốc gia Việt Nam,Tài chính,13/3/2006,150.737.130,150.737.130
322,VNT,CTCP Giao nhận Vận tải Ngoại thương,Vận tải kho bãi,14/8/2009,16.699.497,16.644.097
323,VSA,CTCP Đại lý Hàng hải Việt Nam,Vận tải kho bãi,22/12/2015,14.096.486,14.096.486
324,VSM,CTCP Container Miền Trung,Vận tải kho bãi,17/7/2017,3.354.996,3.354.996
325,VTC,CTCP Viễn thông VTC,"Thông tin, truyền thông và các hoạt động khác",8/6/2009,4.534.696,4.529.143
326,VTH,Công ty Cổ phần Dây cáp điện Việt Thái,Công nghiệp,29/10/2014,7.899.989,7.899.989
327,VTJ,CTCP Thương mại và Đầu tư Vi na ta ba,Công nghiệp,26/4/2017,11.400.000,11.400.000
328,VTV,Công ty Cổ phần Năng lượng và Môi trường VICEM,,18/12/2006,31.199.825,31.199.825
329,VTZ,CTCP Sản xuất và Thương mại Nhựa Việt Thành,Công nghiệp,25/11/2021,23.000.000,23.000.000
330,WCS,CTCP Bến xe Miền Tây,Vận tải kho bãi,17/9/2010,2.500.000,2.500.000
331,WSS,Công ty Cổ phần Chứng khoán Phố Wall,Tài chính,15/12/2009,50.300.000,50.300.000
332,X20,CTCP X20,Công nghiệp,5/2/2018,17.250.000,17.250.000
