STT,Stock Code,Organization Name,First Trading Date,Listing Volume,Stock Volume
1,A32,CTCP 32,23/10/2018,6.800.000,6.800.000
2,AAS,CTCP Chứng khoán SmartInvest,23/7/2020,80.000.000,80.000.000
3,ABB,Ngân hàng TMCP An Bình,28/12/2020,940.947.082,1.035.036.762
4,ABC,CTCP Truyền thông VMG,18/8/2016,20.393.000,20.389.000
5,ABI,CTCP Bảo hiểm Ngân hàng Nông Nghiệp,16/7/2009,51.557.417,50.399.217
6,ABW,CTCP Chứng khoán An Bình,30/5/2023,101.150.000,101.150.000
7,ACE,CTCP Bê tông Ly tâm An Giang,10/11/2009,3.050.781,3.050.781
8,ACM,CTCP Tập đoàn Khoáng sản Á Cường,19/7/2022,51.000.000,51.000.000
9,ACS,CTCP Xây lắp Thương mại 2,13/7/2017,4.000.000,4.000.000
10,ACV,Tổng công ty Cảng hàng không Việt Nam - CTCP,21/11/2016,2.177.173.236,2.176.950.436
11,ADP,CTCP Sơn Á Đông,2/2/2010,23.039.850,23.039.850
12,AFX,CTCP Xuất nhập khẩu Nông sản Thực phẩm An Giang,2/12/2016,35.000.000,35.000.000
13,AG1,CTCP 28.1,10/1/2018,4.863.386,4.863.386
14,AGE,CTCP Môi trường Đô thị An Giang,15/8/2022,19.893.000,19.893.000
15,AGF,CTCP Xuất nhập khẩu Thủy sản An Giang,24/2/2020,28.109.743,28.109.743
16,AGP,CTCP Dược phẩm Agimexpharm,6/10/2015,17.969.247,17.969.247
17,AGX,CTCP Thực phẩm Nông sản Xuất khẩu Sài Gòn,14/9/2015,10.800.000,10.800.000
18,AIC,Tổng Công ty cổ phần Bảo hiểm Hàng Không,8/1/2021,100.000.000,100.000.000
19,ALV,CTCP Xây dựng ALVICO,21/6/2019,5.657.936,5.657.936
20,AMP,CTCP Armephaco,12/1/2017,13.000.000,13.000.000
21,AMS,CTCP Cơ khí Xây dựng AMECC,6/2/2017,60.000.000,60.000.000
22,ANT,CTCP Rau quả Thực phẩm An Giang,22/12/2016,8.000.000,8.000.000
23,APF,CTCP Nông sản Thực phẩm Quảng Ngãi,8/6/2017,22.553.997,22.553.997
24,APL,CTCP Cơ khí và Thiết bị áp lực - VVMI,14/10/2016,1.200.000,1.200.000
25,APP,CTCP Phát triển phụ gia và sản phầm dầu mỏ,3/8/2022,4.724.632,4.724.632
26,APT,CTCP Kinh doanh Thủy Hải sản Sài Gòn,7/6/2019,8.800.000,8.800.000
27,ASA,CTCP ASA,21/6/2019,10.000.000,10.000.000
28,ATA,CTCP NTACO,17/2/2017,11.999.998,11.999.998
29,ATB,CTCP An Thịnh,25/8/2017,13.884.000,13.884.000
30,ATG,CTCP An Trường An,14/5/2021,15.220.000,15.220.000
31,AVC,CTCP Thủy điện A Vương,8/1/2018,75.052.052,75.052.052
32,AVF,CTCP Việt An,18/6/2015,43.338.000,43.338.000
33,B82,CTCP 482,31/8/2018,5.000.000,5.000.000
34,BAL,CTCP Bao bì Bia - Rượu - Nước giải khát,12/1/2018,2.000.000,2.000.000
35,BBH,CTCP Bao bì Hoàng Thạch,14/5/2020,2.047.932,2.047.932
36,BBM,CTCP Bia Hà Nội - Nam Định,5/1/2018,2.000.000,2.000.000
37,BBT,CTCP Bông Bạch Tuyết,12/6/2018,9.800.000,9.800.000
38,BCA,CTCP B.C.H,8/9/2021,19.000.000,19.000.000
39,BCB,CTCP 397,29/10/2018,5.000.000,5.000.000
40,BCP,CTCP Dược Enlie,14/9/2015,6.000.000,6.000.000
41,BCV,CTCP Du lịch và Thương mại Bằng Giang Cao Bằng - Vimico,16/3/2021,1.800.000,1.800.000
42,BDG,Công ty Cổ phần May mặc Bình Dương,6/4/2016,24.799.920,24.799.920
43,BDT,CTCP Xây lắp và Vật liệu Xây dựng Đồng Tháp,6/9/2017,38.600.000,38.595.400
44,BDW,CTCP Cấp thoát nước Bình Định,14/10/2015,12.410.800,12.410.800
45,BEL,CTCP Điện tử Biên Hòa,12/7/2016,6.000.000,6.000.000
46,BGW,CTCP Nước sạch Bắc Giang,31/10/2017,18.149.446,18.149.446
47,BHA,CTCP Thủy điện Bắc Hà,2/8/2017,66.000.000,66.000.000
48,BHC,Công ty cổ phần bê tông Biên hòa,10/4/2015,4.500.000,4.500.000
49,BHG,CTCP Chè Biển Hồ,30/10/2018,8.935.643,8.935.643
50,BHK,CTCP Bia Hà Nội - Kim Bài,5/4/2018,3.986.000,3.986.000
51,BHP,CTCP Bia Hà Nội - Hải Phòng,21/1/2013,9.179.290,9.179.290
52,BIG,CTCP Big Invest Group,10/1/2022,5.000.000,5.000.000
53,BII,CTCP Đầu tư và Phát triển Công nghiệp Bảo Thư,31/5/2023,57.680.000,57.680.000
54,BIO,CTCP Vắc xin và Sinh phẩm Nha Trang,30/8/2018,8.562.000,8.551.500
55,BKH,CTCP Bánh Mứt Kẹo Hà Nội,26/6/2019,1.750.000,1.750.000
56,BLI,Tổng CTCP Bảo hiểm Bảo Long,11/12/2015,60.000.000,59.999.474
57,BLN,CTCP Vận tải và Dịch vụ Liên Ninh,9/9/2016,5.000.000,5.000.000
58,BLT,CTCP Lương thực Bình Định,10/7/2017,4.000.000,4.000.000
59,BLW,CTCP Cấp nước Bạc Liêu,19/10/2018,11.168.800,11.168.800
60,BMD,CTCP Môi trường và Dịch vụ đô thị Bình Thuận,14/6/2017,2.753.280,2.753.280
61,BMF,CTCP Vật liệu Xây dựng và Chất đốt Đồng Nai,16/4/2018,4.159.600,4.159.600
62,BMG,CTCP May Bình Minh,25/12/2018,5.292.000,5.292.000
63,BMJ,CTCP Khoáng sản miền đông AHP,22/12/2009,104.999.978,104.999.978
64,BMN,Công ty Cổ phần 715,6/4/2016,2.750.000,2.750.000
65,BMS,Công ty Cổ phần Chứng khoán Bảo Minh,8/8/2018,60.989.375,60.989.375
66,BMV,CTCP Bột mỳ Vinafood 1,6/6/2017,24.200.000,24.200.000
67,BNW,CTCP Nước sạch Bắc Ninh,28/12/2018,37.549.391,37.549.391
68,BOT,CTCP BOT Cầu Thái Hà,14/2/2019,59.246.800,59.246.800
69,BQB,CTCP Bia Hà Nội - Quảng Bình,9/1/2018,5.800.000,5.800.000
70,BRR,CTCP Cao su Bà Rịa,16/6/2017,112.500.000,112.500.000
71,BRS,CTCP Dịch vụ Đô thị Bà Rịa,24/1/2017,4.541.950,4.541.950
72,BSA,CTCP Thủy điện Buôn Đôn,20/8/2018,65.540.346,65.540.346
73,BSD,"CTCP Bia, Rượu Sài Gòn - Đồng Xuân",28/4/2017,3.000.000,3.000.000
74,BSG,CTCP Xe khách Sài Gòn,21/11/2016,60.000.000,60.000.000
75,BSH,CTCP Bia Sài Gòn - Hà Nội,4/7/2018,18.000.000,18.000.000
76,BSL,CTCP Bia Sài Gòn - Sông Lam,16/6/2017,45.000.000,45.000.000
77,BSP,CTCP Bia Sài Gòn - Phú Thọ,10/8/2016,12.500.000,12.500.000
78,BSQ,CTCP Bia Sài Gòn - Quảng Ngãi,28/2/2017,45.000.000,45.000.000
79,BSR,CTCP Lọc Hóa dầu Bình Sơn,1/3/2018,244.119.369,3.100.499.616
80,BT1,CTCP Bảo vệ Thực vật 1 Trung ương,9/11/2016,5.250.000,5.250.000
81,BT6,CTCP BETON 6,6/3/2017,32.993.550,32.905.510
82,BTB,CTCP Bia Hà Nội - Thái Bình,12/1/2017,7.691.226,7.691.226
83,BTD,CTCP Bê tông Ly tâm Thủ Đức,2/3/2017,6.414.100,6.412.291
84,BTG,CTCP Bao bì Tiền Giang,24/3/2010,1.190.000,1.190.000
85,BTH,CTCP Chế tạo biến thế và Vật liệu điện Hà Nội,27/9/2017,25.000.000,25.000.000
86,BTN,CTCP Gạch Tuy Nen Bình Định,5/1/2018,4.465.570,4.396.762
87,BTU,Công ty Cổ phần Công trình Đô Thị Bến Tre,11/3/2016,3.600.000,3.600.000
88,BTV,CTCP Dịch vụ Du lịch Bến Thành,3/3/2017,25.000.000,24.956.600
89,BVB,Ngân hàng TMCP Bản Việt,9/7/2020,422.152.864,501.680.000
90,BVG,CTCP Group Bắc Việt,20/11/2015,9.750.948,9.750.948
91,BVL,CTCP BV Land,11/6/2021,57.312.800,57.312.800
92,BVN,CTCP Bông Việt Nam,11/10/2011,5.000.000,5.000.000
93,BWA,CTCP Cấp thoát nước và Xây dựng Bảo Lộc,14/6/2010,2.700.000,2.700.000
94,BWS,CTCP Cấp nước Bà Rịa - Vũng Tàu,28/11/2017,90.000.000,90.000.000
95,C12,CTCP Cầu 12,26/12/2016,4.850.000,4.850.000
96,C21,CTCP Thế kỷ 21,1/11/2016,19.336.371,18.138.647
97,C22,CTCP 22,24/5/2018,3.550.000,3.550.000
98,C4G,Công ty cổ phần Tập đoàn CIENCO4,10/12/2018,337.077.303,337.077.303
99,C92,CTCP Xây dựng và Đầu tư 492,3/8/2022,5.312.920,5.312.920
100,CAB,CTCP Tổng Công ty truyền hình cáp Việt Nam,6/9/2019,45.745.876,45.745.876
101,CAD,CTCP Chế biến & XNK Thủy sản Cadovimex,1/11/2012,8.799.927,20.799.927
102,CAR,CTCP Tập đoàn Giáo dục Trí Việt,13/7/2022,3.200.000,3.200.000
103,CAT,CTCP Thủy sản Cà Mau,23/3/2018,9.748.579,9.249.173
104,CBI,CTCP Gang thép Cao Bằng,28/9/2017,43.006.366,43.006.366
105,CBS,CTCP Mía đường Cao Bằng,20/6/2017,3.527.925,5.291.868
106,CC1,Tổng Công ty Xây dựng Số 1 - CTCP,20/7/2017,328.934.469,328.596.669
107,CC4,CTCP Đầu tư và Xây dựng số 4,28/7/2017,64.000.000,64.000.000
108,CCA,CTCP Xuất nhập khẩu Thủy sản Cần Thơ,26/12/2019,15.092.326,13.734.017
109,CCM,Công ty cổ phần Khoáng sản và Xi măng Cần Thơ,6/7/2018,6.199.900,6.199.896
110,CCP,CTCP Cảng Cửa Cấm Hải Phòng,16/3/2017,2.400.000,2.400.000
111,CCT,CTCP Cảng Cần Thơ,30/6/2017,28.480.000,28.480.000
112,CCV,CTCP Tư vấn Xây dựng Công nghiệp và Đô thị Việt Nam,9/1/2017,1.800.000,1.800.000
113,CDG,CTCP Cầu Đuống,27/2/2017,3.464.995,3.464.911
114,CDH,CTCP Công trình công cộng và Dịch vụ Du lịch Hải Phòng,23/6/2016,2.000.000,2.000.000
115,CDO,CTCP Tư vấn Thiết kế và Phát triển Đô thị,5/10/2018,31.504.975,31.504.975
116,CDP,CTCP Dược phẩm Trung ương Codupha,13/7/2018,18.270.000,18.208.800
117,CDR,CTCP Xây dựng Cao su Đồng Nai,26/6/2017,2.133.271,2.133.271
118,CE1,CTCP Xây dựng và Thiết bị Công nghiệp CIE1,10/4/2017,6.000.000,6.000.000
119,CEG,CTCP Tập đoàn Xây dựng và Thiết bị Công nghiệp,17/5/2017,3.800.000,3.800.000
120,CEN,CTCP CENCON Việt Nam,15/6/2018,21.712.440,21.712.440
121,CFM,CTCP Đầu tư CFM,25/1/2021,2.000.000,2.000.000
122,CFV,CTCP Cà phê Thắng Lợi,3/6/2019,8.096.000,12.650.000
123,CGV,CTCP VINACEGLASS,21/6/2017,9.499.956,9.499.956
124,CH5,CTCP Xây dựng số 5 Hà Nội,14/6/2017,3.732.450,3.732.450
125,CHC,CTCP Cẩm Hà,16/2/2017,6.731.596,6.731.596
126,CHS,CTCP Chiếu sáng Công cộng Thành phố Hồ Chí Minh,12/1/2017,28.400.000,28.400.000
127,CI5,CTCP Đầu tư Xây dựng số 5,1/7/2011,2.700.000,2.699.922
128,CID,CTCP Xây dựng và Phát triển Cơ sở hạ tầng,10/5/2016,1.082.000,928.5
129,CIP,CTCP Xây lắp và Sản xuất Công nghiệp,27/9/2017,4.545.000,4.545.000
130,CK8,CTCP Cơ khí 120,6/1/2023,3.000.000,3.000.000
131,CKA,CTCP Cơ khí An Giang,17/10/2018,3.286.404,3.286.404
132,CKD,CTCP Cơ khí Đông Anh Licogi,21/5/2015,31.000.000,31.000.000
133,CLG,CTCP Đầu tư và Phát triển Nhà Đất Cotec,5/5/2021,21.150.000,21.150.000
134,CLX,CTCP Xuất nhập khẩu và Đầu tư Chợ Lớn (Cholimex),1/3/2017,86.600.000,86.600.000
135,CMD,CTCP Vật liệu Xây dựng và Trang trí Nội thất Thành phố Hồ Chí Minh,5/7/2019,15.000.000,11.220.000
136,CMF,CTCP Thực phẩm Cholimex,30/11/2016,8.100.000,8.100.000
137,CMI,CTCP CMISTONE Việt Nam,14/6/2019,15.002.500,16.000.000
138,CMK,CTCP Cơ khí Mạo Khê - Vinacomin,21/10/2015,1.432.578,1.432.578
139,CMM,CTCP Camimex,8/11/2022,56.950.000,63.000.000
140,CMN,CTCP Lương thực Thực phẩm Colusa - Miliket,10/7/2017,4.800.000,4.800.000
141,CMP,Công ty Cổ phần Cảng Chân Mây,15/2/2016,32.405.415,32.405.415
142,CMT,CTCP Công nghệ Mạng và Truyền Thông,24/4/2019,8.000.000,7.277.780
143,CMW,CTCP Cấp nước Cà Mau,10/4/2017,15.534.900,15.534.900
144,CNA,CTCP Tổng Công ty Chè Nghệ An,9/12/2021,793.917,793.917
145,CNC,CTCP Công nghệ Cao Traphaco,25/6/2014,11.364.325,11.364.325
146,CNN,"CTCP Tư vấn công nghệ, thiết bị và kiểm định xây dựng - CONINCO",1/6/2016,8.800.000,8.800.000
147,CNT,CTCP Tập đoàn CNT,17/3/2015,40.015.069,39.915.069
148,CPA,CTCP Cà phê Phước An,30/12/2019,23.627.990,23.627.990
149,CPH,CTCP Phục vụ Mai táng Hải Phòng,8/2/2017,4.400.000,4.400.000
150,CPI,CTCP Đầu tư Cảng Cái Lân,28/7/2017,36.505.000,36.505.000
151,CQN,CTCP Cảng Quảng Ninh,18/8/2020,75.049.936,75.049.936
152,CQT,CTCP Xi măng Quán Triều VVMI,1/11/2016,25.000.000,25.000.000
153,CSI,Công ty Cổ phần Chứng khoán Kiến thiết Việt Nam,15/3/2019,16.800.000,16.800.000
154,CST,CTCP Than Cao Sơn - TKV,26/4/2021,42.846.773,42.846.773
155,CT3,CTCP Đầu tư và Xây dựng Công trình 3,20/11/2009,8.799.849,8.799.756
156,CT6,CTCP Công trình 6,15/5/2020,6.108.078,6.105.759
157,CTA,CTCP Vinavico,20/12/2019,8.454.381,9.542.381
158,CTN,CTCP Xây dựng công trình ngầm,26/5/2016,6.958.345,4.870.845
159,CTW,CTCP Cấp thoát nước Cần Thơ,30/9/2016,28.000.000,27.998.600
160,CVP,CTCP Cảng Cửa Việt,4/5/2022,3.425.980,3.425.980
161,CYC,CTCP Gạch men Chang Yih,22/5/2017,1.990.530,9.046.425
162,DAC,CTCP 382 Đông Anh,8/4/2016,1.004.974,1.004.974
163,DAN,Công ty cổ phần Dược Danapha,22/12/2021,21.127.000,20.735.000
164,DAS,CTCP Máy - Thiết bị Dầu khí Đà Nẵng,25/9/2014,4.200.000,4.200.000
165,DBM,CTCP Dược - Vật tư y tế Đăk Lăk,17/12/2009,1.941.588,1.941.584
166,DC1,CTCP Đầu tư Phát triển Xây dựng số 1,19/7/2016,4.094.905,4.094.905
167,DCF,CTCP Xây dựng và Thiết kế Số 1,12/1/2017,15.000.000,15.000.000
168,DCG,CTCP Tổng Công ty May Đáp Cầu,14/12/2018,6.825.000,6.824.996
169,DCH,CTCP Địa chính Hà Nội,23/4/2018,2.880.000,2.880.000
170,DCR,CTCP Gạch men Cosevco,8/10/2018,6.500.000,6.500.000
171,DCS,CTCP Tập Đoàn Đại Châu,31/5/2019,60.310.988,60.309.533
172,DCT,Công ty Cổ phần Tấm lợp Vật liệu Xây dựng Đồng Nai,7/4/2016,27.223.647,27.223.647
173,DDH,CTCP Đảm bảo giao thông đường thủy Hải Phòng,30/6/2016,3.600.000,3.600.000
174,DDM,CTCP Hàng hải Đông Đô,15/12/2014,12.244.495,12.244.492
175,DDN,CTCP Dược - Thiết bị y tế Đà Nẵng,24/6/2009,15.349.328,15.349.328
176,DDV,CTCP DAP - VINACHEM,10/6/2015,146.109.900,146.109.900
177,DFC,CTCP Xích líp Đông Anh,12/1/2017,6.000.000,6.000.000
178,DFF,CTCP Tập đoàn Đua Fat,8/7/2021,80.000.000,80.000.000
179,DGT,CTCP Công trình Giao thông Đồng Nai,9/3/2010,79.000.000,79.000.000
180,DHB,CTCP Phân đạm và Hóa chất Hà Bắc,26/7/2017,272.200.000,272.200.000
181,DHD,CTCP Dược Vật tư Y tế Hải Dương,5/5/2017,14.999.785,20.399.630
182,DHN,CTCP Dược phẩm Hà Nội,19/4/2018,6.290.900,6.290.900
183,DIC,CTCP Đầu tư và Thương mại DIC,18/8/2020,26.585.840,26.084.560
184,DID,CTCP DIC - Đồng Tiến,4/6/2020,15.622.552,15.622.552
185,DKC,CTCP Chợ Lạng Sơn,14/7/2020,2.288.540,2.288.540
186,DLD,CTCP Du lịch ĐăkLăk,8/4/2011,9.307.415,9.307.415
187,DLM,CTCP Chiếu sáng công cộng Đà Nẵng,6/1/2023,1.160.250,1.657.500
188,DLR,Công ty Cổ phần Địa ốc Đà Lạt,31/5/2019,4.500.000,4.500.000
189,DLT,Công ty CP Du lịch và Thương mại - Vinacomin,16/11/2015,2.500.056,2.500.056
190,DM7,CTCP Dệt May 7,15/10/2018,15.411.100,15.411.100
191,DMN,CTCP Domenal,22/11/2021,12.500.000,12.500.000
192,DMS,CTCP Hóa phẩm Dầu khí DMC - Miền Nam,15/6/2023,4.000.000,4.000.000
193,DNA,CTCP Điện nước An Giang,19/10/2017,56.329.567,56.329.567
194,DND,CTCP Đầu tư Xây dựng và Vật liệu Đồng Nai,9/11/2016,8.834.000,8.834.000
195,DNE,CTCP Môi trường Đô thị Đà Nẵng,5/4/2017,5.773.600,5.773.600
196,DNH,CTCP Thủy điện Đa Nhim - Hàm Thuận - Đa Mi,19/6/2017,422.400.000,422.400.000
197,DNL,CTCP Logistics Cảng Đà Nẵng,18/8/2011,4.310.000,4.310.000
198,DNN,CTCP Cấp nước Đà Nẵng,17/7/2017,57.964.061,57.964.061
199,DNT,CTCP Du lịch Đồng Nai,24/2/2020,7.459.675,7.280.925
200,DNW,Công ty Cổ phần Cấp nước Đồng Nai,16/3/2016,120.000.000,120.000.000
201,DOC,CTCP Vật tư Nông nghiệp Đồng Nai,19/12/2016,10.000.000,10.000.000
202,DOP,CTCP Vận tải Xăng dầu Đồng Tháp,30/10/2015,4.719.950,4.719.950
203,DP1,CTCP Dược phẩm Trung Ương CPC1,12/6/2018,20.979.000,20.979.000
204,DP2,CTCP Dược phẩm Trung ương 2,19/5/2017,20.000.000,20.000.000
205,DPH,CTCP Dược phẩm Hải Phòng,20/1/2017,3.000.000,3.000.000
206,DPP,CTCP Dược Đồng Nai,19/5/2010,3.000.010,3.000.010
207,DPS,CTCP Đầu tư Phát triển Sóc Sơn,2/7/2021,31.085.257,31.085.257
208,DRG,CTCP Cao su Đắk LắK,11/12/2019,1.658.400,155.800.000
209,DRI,CTCP Đầu tư Cao su Đắk Lắk,23/5/2017,73.200.000,73.200.000
210,DSC,CÔNG TY CỔ PHẦN CHỨNG KHOÁN DSC,5/1/2018,100.000.000,100.000.000
211,DSD,CTCP DHC Suối Đôi,17/5/2022,36.600.000,36.600.000
212,DSG,CTCP Kính Đáp Cầu,11/8/2017,30.000.000,30.000.000
213,DSP,CTCP Dịch vụ Du lịch Phú Thọ,17/10/2018,118.684.000,118.684.000
214,DSV,CTCP Đường sắt Vĩnh Phú,2/12/2016,1.229.579,1.229.579
215,DTB,CTCP Công trình Đô thị Bảo Lộc,22/7/2019,1.558.248,1.558.248
216,DTE,CTCP Đầu tư Năng Lượng Đại Trường Thành Holdings,31/12/2020,50.725.887,50.725.887
217,DTG,CTCP Dược phẩm Tipharco,28/2/2017,6.315.928,6.315.928
218,DTH,CTCP Dược - Vật tư Y tế Thanh Hóa,18/4/2022,7.471.614,7.471.614
219,DTI,CTCP Đầu tư Đức Trung,5/1/2018,12.097.754,12.097.754
220,DTP,CTCP Dược phẩm CPC1 Hà Nội,18/6/2020,16.229.042,16.229.042
221,DTV,CTCP Phát triển điện Trà Vinh,9/9/2010,5.280.000,5.264.000
222,DUS,CTCP Dịch vụ Đô thị Đà Lạt,8/1/2020,5.614.300,5.601.200
223,DVC,CTCP Thương mại Dịch vụ Tổng hợp Cảng Hải Phòng,13/12/2013,10.793.670,10.793.670
224,DVN,Tổng Công ty Dược Việt Nam - CTCP,19/5/2017,237.000.000,237.000.000
225,DVW,CTCP Dịch vụ và Xây dựng Cấp nước Đồng Nai,6/6/2018,2.345.000,2.345.000
226,DWC,CTCP Cấp nước Đắk Lắk,22/12/2021,20.172.800,31.520.000
227,DWS,CTCP Cấp nước và Môi trường đô thị Đồng Tháp,24/1/2019,25.918.130,25.918.130
228,DXL,CTCP Du lịch và Xuất nhập khẩu Lạng Sơn,28/6/2010,3.957.900,3.957.900
229,E12,CTCP Xây dựng điện Vneco 12,31/12/2019,1.200.000,1.200.000
230,E29,CTCP Đầu tư Xây dựng và kỹ thuật 29,5/11/2019,5.000.000,5.000.000
231,EFI,CTCP Đầu tư tài chính Giáo dục,24/4/2017,10.880.000,10.880.000
232,EIC,CTCP EVN Quốc Tế,28/2/2017,36.677.145,36.677.145
233,EIN,CTCP Đầu tư - Thương mại - Dịch vụ Điện lực,16/3/2017,45.407.161,45.407.161
234,EME,CTCP Điện Cơ,17/7/2017,3.780.298,3.780.298
235,EMG,CTCP Thiết bị phụ tùng cơ điện,16/2/2017,3.000.000,3.000.000
236,EMS,Tổng công ty Chuyển phát nhanh Bưu điện- CTCP,5/1/2018,20.999.440,20.999.440
237,EPC,CTCP Cà phê Ea Pốk,3/10/2018,9.388.500,9.388.500
238,EPH,CTCP Dịch vụ Xuất bản Giáo dục Hà Nội,21/12/2017,2.500.000,2.500.000
239,FBA,CTCP Tập đoàn Quốc Tế FBA,18/2/2011,3.414.900,3.414.900
240,FBC,CTCP Cơ khí Phổ Yên,20/10/2017,3.700.000,3.700.000
241,FCC,Công ty cổ phần Liên hợp Thực phẩm,9/5/2016,5.997.040,5.997.040
242,FCS,CTCP Lương thực Thành phố Hồ Chí Minh,3/3/2017,29.450.000,29.450.000
243,FGL,Công ty cổ phần Cà phê Gia Lai,14/9/2018,14.676.300,14.676.300
244,FHN,CTCP Xuất nhập khẩu Lương thực- Thực phẩm Hà Nội,29/12/2017,3.000.000,3.000.000
245,FHS,CTCP Phát hành sách thành phố Hồ Chí Minh - FAHASA,1/11/2018,12.751.462,12.751.462
246,FIC,Tổng công ty Vật liệu xây dựng số 1 - CTCP,2/8/2018,127.000.000,127.000.000
247,FLC,CTCP Tập đoàn FLC,3/3/2023,709.997.807,709.997.807
248,FOC,CTCP Dịch vụ Trực tuyến FPT,10/12/2018,18.471.275,18.419.884
249,FOX,CTCP Viễn thông FPT,13/1/2017,328.339.538,328.339.538
250,FRC,CTCP Lâm đặc sản Xuất khẩu Quảng Nam,26/7/2018,3.000.000,3.000.000
251,FRM,CTCP Lâm nghiệp Sài Gòn,24/11/2017,11.700.000,11.700.000
252,FSO,Công ty Cổ phần Cơ khí đóng tàu thủy sản Việt Nam,6/2/2017,5.624.966,5.624.966
253,FT1,CTCP Phụ tùng máy số 1,27/9/2017,7.079.853,7.079.853
254,FTI,CTCP Công nghiệp - Thương mại Hữu Nghị,27/10/2017,3.943.710,3.937.790
255,FTM,CTCP Đầu tư và Phát triển Đức Quân,26/5/2022,50.000.000,50.000.000
256,G20,CTCP Đầu tư Dệt may Vĩnh Phúc,28/7/2017,14.400.000,14.400.000
257,G36,Tổng Công ty 36 - CTCP,26/12/2016,101.756.575,101.756.575
258,GCB,CTCP Petec Bình Định,28/12/2016,4.039.147,4.039.147
259,GCF,CTCP Thực phẩm G.C,20/12/2022,30.679.999,30.679.999
260,GEE,CTCP Điện lực Gelex,8/3/2022,300.000.000,300.000.000
261,GER,CTCP Thể thao Ngôi sao Geru,1/6/2010,2.200.000,2.200.000
262,GGG,CTCP Ô tô Giải Phóng,15/8/2014,29.388.589,29.388.589
263,GH3,CTCP Công trình Giao thông Hà Nội,4/8/2021,11.500.000,11.498.920
264,GHC,CTCP Thủy điện Gia Lai,26/4/2011,47.662.500,47.662.500
265,GLC,CTCP Vàng Lào Cai,9/1/2019,10.500.000,10.500.000
266,GLW,CTCP Cấp thoát nước Gia Lai,8/1/2018,18.000.000,18.000.000
267,GND,CTCP Gạch ngói Đồng Nai,21/2/2017,9.000.000,9.000.000
268,GPC,CTCP Tập đoàn Green+,6/1/2023,41.594.000,41.594.000
269,GSM,CTCP Thủy điện Hương Sơn,8/4/2015,28.562.000,28.562.000
270,GTD,Công ty cổ phần Giầy Thượng Đình,16/12/2016,9.300.000,9.300.000
271,GTS,CTCP Công trình Giao thông Sài Gòn,21/10/2016,28.499.764,28.499.764
272,GTT,CTCP Thuận Thảo,7/6/2016,43.503.000,43.503.000
273,GVT,Công ty Cổ phần Giấy Việt Trì,12/1/2017,11.605.100,11.605.100
274,H11,CTCP Xây dựng HUD 101,28/4/2011,1.060.000,1.060.000
275,HAC,CTCP Chứng khoán Hải Phòng,18/10/2016,29.181.096,29.176.390
276,HAF,CTCP Thực phẩm Hà Nội,24/7/2017,14.500.000,14.500.000
277,HAI,CTCP Nông dược HAI,27/4/2023,182.682.799,182.682.799
278,HAM,CTCP Vật tư Hậu Giang,21/8/2017,9.638.061,9.638.061
279,HAN,Tổng công ty Xây dựng Hà Nội - CTCP,20/10/2016,141.048.000,141.048.000
280,HAV,CTCP Rượu Hapro,30/11/2017,3.297.860,3.297.860
281,HBD,CTCP Bao bì PP Bình Dương,16/9/2013,2.011.100,1.904.400
282,HBH,CTCP Habeco - Hải Phòng,10/8/2017,16.000.000,16.000.000
283,HC1,CTCP Xây dựng số 1 Hà Nội,6/1/2020,8.000.000,8.000.000
284,HC3,CTCP Xây dựng số 3 Hải Phòng,11/7/2017,20.685.717,20.685.717
285,HCB,CTCP Dệt may 29/3,18/12/2019,5.199.274,5.199.274
286,HCI,CTCP Đầu tư - Xây dựng Hà Nội,17/9/2010,5.232.000,5.232.000
287,HD2,CTCP Đầu tư Phát triển nhà HUD2,16/5/2016,8.962.353,8.962.353
288,HD6,CTCP Đầu tư và Phát triển Nhà số 6 Hà Nội,23/11/2020,14.400.000,14.400.000
289,HD8,CTCP Đầu tư Phát triển Nhà và Đô thị HUD8,15/3/2019,10.000.000,10.000.000
290,HDM,CTCP Dệt May Huế,21/1/2010,15.224.701,15.224.701
291,HDO,CTCP Hưng Đạo Container,2/6/2017,16.959.879,16.819.879
292,HDP,CTCP Dược Hà Tĩnh,16/3/2017,9.934.418,9.934.418
293,HDW,CTCP Kinh doanh nước sạch Hải Dương,3/11/2017,31.882.470,31.882.470
294,HEC,Công ty cổ phần Tư vấn Xây dựng Thủy lợi II,21/12/2016,6.000.000,6.000.000
295,HEJ,Tổng công ty Tư vấn Xây dựng Thủy Lợi Việt Nam - CTCP,14/7/2017,4.400.000,4.400.000
296,HEM,CTCP Chế tạo Điện cơ Hà Nội,3/1/2017,38.704.650,38.704.650
297,HEP,CTCP Môi trường và Công trình Đô thị Huế,15/12/2017,6.000.000,6.000.000
298,HES,CTCP Dịch vụ Giải trí Hà Nội,7/12/2016,9.297.450,9.294.650
299,HFB,CTCP Công trình Cầu phà Thành phố Hồ Chí Minh,30/3/2017,9.100.000,9.100.000
300,HFC,CTCP xăng dầu HFC,1/3/2010,8.198.105,8.198.105
301,HFX,CTCP Sản xuất - Xuất nhập khẩu Thanh Hà,10/11/2011,1.270.000,1.270.000
302,HGT,CTCP Du lịch Hương Giang,15/10/2020,20.000.000,20.000.000
303,HGW,CTCP Cấp thoát nước - Công trình đô thị Hậu Giang,11/1/2017,24.878.291,24.878.291
304,HHG,CTCP Hoàng Hà,9/5/2023,34.896.354,34.896.354
305,HHN,CTCP Vận tải và Dịch vụ Hàng hóa Hà Nội,16/12/2016,1.440.000,1.440.000
306,HHR,Công ty cổ phần Đường sắt Hà Hải,17/2/2017,1.380.000,1.380.000
307,HIG,CTCP Tập Đoàn HIPT,24/6/2009,22.559.030,22.559.030
308,HJC,CTCP Hòa Việt,14/10/2015,12.853.052,12.853.052
309,HKB,CTCP Nông nghiệp và Thực phẩm Hà Nội-Kinh Bắc,28/7/2021,51.599.999,51.599.999
310,HLA,CTCP Hữu Liên Á Châu,1/4/2015,34.459.293,34.442.993
311,HLB,CTCP Bia và Nước giải khát Hạ Long,8/2/2017,3.000.000,3.090.000
312,HLG,CTCP Tập đoàn Hoàng Long,18/9/2019,44.375.385,44.225.385
313,HLR,Công ty Cổ phần Đường sắt Hà Lạng,28/11/2016,1.650.000,1.650.000
314,HLS,CTCP Sứ kỹ thuật Hoàng Liên Sơn,16/10/2017,9.628.634,9.628.634
315,HLT,CTCP Dệt may Hoàng Thị Loan,27/12/2019,5.500.000,5.500.000
316,HLY,Công ty cổ phần gốm xây dựng Yên Hưng,28/4/2021,1.000.000,999.905
317,HMG,Công ty Cổ phần Kim khí Hà Nội - VNSTEEL,9/9/2016,9.000.000,9.000.000
318,HMS,CTCP Xây dựng bảo tàng Hồ Chí Minh,5/6/2017,9.200.000,9.199.984
319,HNA,CTCP Thủy điện Hủa Na,5/10/2017,235.232.210,235.232.210
320,HNB,CTCP Bến Xe Hà Nội,22/10/2015,9.500.000,9.500.000
321,HND,CTCP Nhiệt điện Hải Phòng,5/10/2016,500.000.000,500.000.000
322,HNF,CTCP Thực phẩm Hữu Nghị,3/11/2015,30.000.000,30.000.000
323,HNI,CTCP May Hữu Nghị,12/12/2017,23.778.900,23.778.900
324,HNM,CTCP Sữa Hà Nội,19/6/2020,20.000.000,20.000.000
325,HNP,CTCP Hanel Xốp Nhựa,20/12/2016,5.000.000,5.000.000
326,HNR,CTCP Rượu và nước giải khát Hà Nội,8/6/2018,20.000.000,20.000.000
327,HOT,CTCP Du lịch - Dịch vụ Hội An,12/5/2023,8.000.000,7.999.937
328,HPB,CTCP Bao bì PP,29/4/2010,3.880.000,3.657.200
329,HPD,CTCP Thủy điện Đăk Đoa,11/6/2015,8.306.590,8.306.590
330,HPH,CTCP Hóa chất Hưng Phát Hà Bắc,28/12/2017,8.400.000,8.400.000
331,HPI,CTCP Khu công nghiệp Hiệp Phước,5/10/2017,60.000.000,60.000.000
332,HPM,CTCP Xây dựng Thương mại và Khoáng sản Hoàng Phúc,3/8/2022,3.800.000,3.800.000
333,HPP,CTCP Sơn Hải Phòng,5/8/2010,8.007.177,7.960.436
334,HPT,CTCP Dịch vụ Công nghệ Tin học HPT,17/6/2010,9.084.101,8.928.441
335,HPW,CTCP Cấp nước Hải Phòng,21/11/2016,74.206.940,74.206.940
336,HRB,CTCP Harec Đầu tư và Thương mại,6/11/2017,6.338.400,6.338.400
337,HRT,CTCP Vận tải Đường sắt Hà Nội,15/9/2016,80.058.970,80.058.970
338,HSA,Công ty Cổ phần Hestia,23/1/2017,7.872.727,7.872.727
339,HSI,CTCP Vật tư Tổng hợp và Phân bón Hóa sinh,11/5/2015,10.000.000,10.000.000
340,HSM,Tổng Công ty cổ phần Dệt may Hà Nội,19/4/2018,20.500.000,20.500.000
341,HSP,CTCP Sơn tổng hợp Hà Nội,30/3/2020,12.027.086,12.027.086
342,HSV,CTCP Tập đoàn HSV Việt Nam,27/4/2021,15.749.994,15.749.994
343,HTE,CTCP Đầu tư Kinh doanh Điện lực Thành phố Hồ Chí Minh,24/7/2017,23.608.165,21.638.165
344,HTG,Tổng công ty cổ phần Dệt may Hòa Thọ,14/6/2017,30.003.075,36.002.708
345,HTM,Tổng công ty Thương mại Hà Nội - CTCP,4/5/2018,220.000.000,219.958.600
346,HTR,CTCP Đường sắt Hà Thái,22/2/2017,1.500.700,1.500.700
347,HTT,CTCP Thương mại Hà Tây,26/6/2020,20.000.000,20.000.000
348,HTW,CTCP Cấp nước Hà Tĩnh,14/12/2016,20.400.893,20.400.893
349,HU3,CTCP Đầu tư và Xây dựng HUD3,18/5/2023,9.999.944,9.999.944
350,HU4,Công ty cổ phần Đầu tư và Xây dựng HUD4,29/1/2016,15.000.000,15.000.000
351,HU6,CTCP Đầu tư Phát triển nhà và đô thị HUD6,19/11/2015,7.500.000,7.500.000
352,HUG,Tổng công ty May Hưng Yên - CTCP,18/12/2017,19.511.389,19.511.389
353,HVA,CTCP Đầu tư HVA,17/3/2020,13.650.000,13.650.000
354,HVG,CTCP Hùng Vương,13/8/2020,227.038.291,227.038.291
355,HWS,CTCP Cấp nước Thừa Thiên Huế,27/7/2018,87.600.000,87.383.000
356,IBD,CTCP In Tổng hợp Bình Dương,24/5/2019,9.000.000,9.000.000
357,ICC,CTCP Xây dựng Công Nghiệp,1/6/2016,3.800.000,3.800.000
358,ICF,CTCP Đầu tư Thương mại Thủy Sản,20/5/2019,12.807.000,12.807.000
359,ICI,CTCP Đầu tư và Xây dựng công nghiệp,6/7/2010,4.000.000,4.000.000
360,ICN,CTCP Đầu tư Xây dựng Dầu khí IDICO,12/6/2015,11.999.985,11.999.985
361,IDP,CTCP Sữa Quốc Tế,7/1/2021,58.945.472,58.945.472
362,IFS,CTCP Thực phẩm Quốc tế,16/11/2016,87.140.984,87.140.984
363,IHK,CTCP In Hàng không,4/3/2010,2.141.928,2.141.928
364,ILA,CTCP ILA,28/11/2017,18.529.939,18.529.939
365,ILC,CTCP Hợp tác lao động với nước ngoài,10/8/2018,6.100.391,6.079.071
366,ILS,CTCP Đầu tư Thương mại và Dịch vụ Quốc tế,19/3/2018,36.000.000,36.000.000
367,IME,CTCP Cơ khí và Xây lắp Công nghiệp,1/12/2009,3.599.948,3.599.948
368,IN4,CTCP In số 4,19/5/2010,1.200.000,1.200.000
369,IRC,CTCP Cao su Công nghiệp,22/1/2018,17.500.000,17.500.000
370,ISG,CTCP Vận tải biển và Hợp tác lao động Quốc tế,22/9/2015,8.800.000,8.800.000
371,ISH,CTCP Thủy điện Srok Phu Miêng IDICO,29/6/2015,45.000.000,45.000.000
372,IST,CTCP ICD Tân Cảng Sóng Thần,5/1/2017,12.008.672,12.008.672
373,ITS,"CTCP Đầu tư, Thương mại và Dịch vụ - Vinacomin",18/12/2015,26.459.924,26.459.924
374,JOS,CTCP Chế biến Thủy sản Xuất khẩu Minh Hải,28/7/2017,15.322.723,15.043.161
375,KAC,CTCP Đầu tư Địa ốc Khang An,16/9/2019,23.999.999,23.999.999
376,KCB,CTCP Khoáng sản và Luyện Kim Cao Bằng,1/12/2015,8.000.000,8.000.000
377,KCE,CTCP Bê tông ly tâm Điện lực Khánh Hòa,8/2/2011,1.500.000,1.500.000
378,KGM,CTCP Xuất nhập khẩu Kiên Giang,21/9/2017,25.430.000,25.430.000
379,KHD,"CTCP Khai thác, Chế biến khoáng sản Hải Dương",22/12/2016,3.262.818,3.262.818
380,KHL,CTCP Khoáng sản và Vật liệu Xây dựng Hưng Long,8/6/2018,12.000.000,12.000.000
381,KHW,CTCP Cấp thoát nước Khánh Hòa,20/2/2017,28.599.996,28.599.996
382,KIP,Công ty Cổ phần K.I.P Việt Nam,12/4/2016,9.800.000,9.800.000
383,KLB,Ngân hàng Thương mại cổ phần Kiên Long,29/6/2017,365.281.878,361.481.878
384,KLM,CTCP Kim loại màu Nghệ Tĩnh,30/12/2019,3.885.000,3.885.000
385,KSH,CTCP Damac GLS,19/9/2019,57.509.675,57.509.675
386,KTC,CTCP Thương mại Kiên Giang,22/6/2018,36.473.833,36.473.833
387,KTL,CTCP Kim khí Thăng Long,14/1/2015,6.519.500,19.200.000
388,KVC,CTCP Sản xuất Xuất nhập khẩu Inox Kim Vĩ,25/5/2023,49.500.000,49.500.000
389,L12,CTCP Licogi 12,3/1/2017,7.000.000,6.738.871
390,L35,Công ty Cổ phần Cơ khí lắp máy Lilama,31/5/2023,3.265.155,3.265.155
391,L44,CTCP Lilama 45.4,8/6/2018,4.000.000,3.980.000
392,L45,CTCP Lilama 45.1,20/10/2016,4.800.000,4.800.000
393,L63,Công ty Cổ phần Lilama 69-3,6/10/2016,8.279.361,8.279.361
394,LAI,CTCP Đầu tư Xây dựng Long An IDICO,10/8/2015,8.550.000,8.550.000
395,LAW,CTCP Cấp thoát nước Long An,21/12/2015,12.200.000,12.200.000
396,LBC,CTCP Thương mại - Đầu tư Long Biên,16/8/2017,1.500.000,1.500.000
397,LCC,CTCP Xi măng Hồng Phong,6/5/2010,5.838.999,5.838.999
398,LCM,CTCP Khai thác và Chế biến Khoáng sản Lào Cai,9/9/2022,24.633.000,24.632.809
399,LCS,CTCP Licogi 166,15/5/2023,7.600.000,7.600.000
400,LDW,Công Ty Cổ Phần Cấp Thoát Nước Lâm Đồng,16/3/2018,78.800.000,78.800.000
401,LG9,CTCP Cơ giới và Xây lắp số 9,18/12/2017,5.026.600,5.026.600
402,LGM,CTCP Giày da và May mặc Xuất khẩu (Legamex),18/12/2019,7.400.000,7.400.000
403,LIC,Tổng Công ty Licogi - CTCP,5/6/2017,90.000.000,90.000.000
404,LKW,CTCP Cấp nước Long Khánh,4/7/2012,2.500.000,2.500.000
405,LLM,Tổng Công ty Lắp máy Việt Nam - CTCP,16/8/2017,79.726.104,79.726.104
406,LM3,CTCP Lilama 3,1/6/2015,5.150.000,5.150.000
407,LM7,CTCP Lilama 7,31/5/2023,5.000.000,5.000.000
408,LMC,CTCP Long Beach LMC,21/9/2017,1.500.000,1.500.000
409,LMH,Công ty Cổ phần Quốc Tế Holding,29/6/2020,25.629.995,25.629.995
410,LMI,CTCP Đầu tư Xây dựng Lắp máy IDICO,20/7/2017,5.500.000,5.500.000
411,LNC,CTCP Lệ Ninh,4/7/2019,8.230.067,8.230.067
412,LO5,CTCP Lilama 5,13/5/2021,5.149.791,5.149.791
413,LPT,CTCP Thương mại và Sản xuất Lập Phương Thành,8/4/2021,12.000.000,12.000.000
414,LQN,CTCP Licogi Quảng Ngãi,1/11/2016,1.893.540,1.893.540
415,LSG,CTCP Bất động sản Sài Gòn Vi Na,12/5/2022,90.000.000,90.000.000
416,LTC,CTCP Điện nhẹ viễn thông,5/7/2019,4.586.000,4.586.000
417,LTG,CTCP Tập đoàn Lộc Trời,24/7/2017,80.593.340,80.593.340
418,M10,Tổng Công ty May 10 - Công ty cổ phần,10/1/2018,30.240.000,30.239.756
419,MA1,CTCP Thiết bị,29/6/2020,5.289.715,5.289.715
420,MBN,CTCP Môi trường và Công trình đô thị Bắc Ninh,3/10/2018,5.750.000,5.750.000
421,MCD,CTCP Môi trường và Công trình đô thị Đông Hà,20/10/2022,332.019,332.019
422,MCG,CTCP Năng lượng và Bất động sản MCG,23/5/2023,57.510.000,52.050.000
423,MCH,CTCP Hàng tiêu dùng Masan,5/1/2017,727.461.879,716.546.491
424,MCI,CTCP Đầu tư Xây dựng và Phát triển Vật liệu IDICO,8/9/2015,3.500.000,3.500.000
425,MCM,CTCP Giống bò sữa Mộc Châu,18/12/2020,110.000.000,110.000.000
426,MDA,CTCP Môi trường Đô thị Đông Anh,10/1/2018,1.200.000,1.200.000
427,MDF,CTCP GỖ MDF VRG QUẢNG TRỊ,25/2/2011,55.113.595,55.113.595
428,MEC,CTCP Cơ khí - Lắp máy Sông Đà,2/6/2020,8.353.620,8.353.620
429,MEF,Công ty cổ phần MEINFA,30/11/2011,3.940.522,4.086.077
430,MES,CTCP Cơ điện Công trình,12/12/2016,18.600.000,18.600.000
431,MFS,CTCP Dịch vụ Kỹ thuật MobiFone,16/4/2019,7.062.979,7.062.979
432,MGC,CTCP Địa chất Mỏ - TKV,9/6/2016,10.800.000,10.800.000
433,MGG,Tổng công ty Đức Giang - Công ty cổ phần,6/11/2017,8.999.622,8.999.622
434,MGR,CTCP Tập đoàn Mgroup,28/4/2022,20.000.000,20.000.000
435,MH3,CTCP Khu công nghiệp cao su Bình Long,6/3/2017,12.000.000,24.000.000
436,MIC,CTCP Kỹ nghệ khoáng sản Quảng Nam,12/1/2015,5.544.946,5.514.621
437,MIE,Tổng Công ty Máy và Thiết bị Công nghiệp - CTCP,15/12/2017,141.991.500,141.991.500
438,MKP,CTCP Hóa - Dược phẩm Mekophar,29/1/2018,25.545.867,25.268.221
439,MLC,CTCP Môi trường Đô thị tỉnh Lào Cai,23/5/2017,4.171.175,4.171.175
440,MLS,CTCP Chăn nuôi - Mitraco,15/6/2018,4.000.000,4.000.000
441,MML,CTCP Masan MeatLife,9/12/2019,327.132.940,327.132.940
442,MNB,Tổng Công ty May Nhà Bè - CTCP,24/4/2018,19.110.000,19.110.000
443,MND,CTCP Môi trường Nam Định,11/8/2017,2.194.475,2.194.475
444,MPC,CTCP Tập đoàn Thủy sản Minh Phú,16/10/2017,399.887.300,399.887.300
445,MPT,CTCP Tập đoàn MPT,2/6/2021,17.107.164,17.107.164
446,MPY,CTCP Môi trường đô thị Phú Yên,15/5/2017,6.143.000,6.143.000
447,MQB,CTCP Môi trường và Phát triển Đô thị Quảng Bình,8/11/2017,3.675.675,3.675.675
448,MQN,CTCP Môi trường đô thị Quảng Ngãi,22/6/2018,5.133.645,5.133.645
449,MRF,CTCP Merufa,12/12/2017,3.675.404,3.671.604
450,MSR,CTCP Masan High-Tech Materials,17/9/2015,1.099.155.420,1.099.155.420
451,MTA,Tổng công ty Khoáng sản và Thương mại Hà Tĩnh - CTCP,21/10/2015,110.113.591,110.113.591
452,MTB,CTCP Môi trường và Công trình Đô thị tỉnh Thái Bình,10/12/2020,6.278.259,6.278.259
453,MTC,CTCP Dịch vụ du lịch Mỹ Trà,17/8/2012,5.200.000,1.797.975
454,MTG,CTCP MT Gas,25/6/2015,6.300.000,6.300.000
455,MTH,CTCP Môi trường đô thị Hà Đông,10/2/2011,4.787.910,4.787.910
456,MTL,CTCP Dịch vụ Môi trường Đô thị Từ Liêm,10/5/2016,6.000.000,6.000.000
457,MTP,CTCP Dược Medipharco,23/9/2010,7.455.406,7.450.806
458,MTS,CTCP Vật tư - TKV,28/4/2017,15.000.000,15.000.000
459,MTV,CTCP Dịch vụ Môi trường và Công trình Đô thị Vũng Tàu,16/8/2017,5.400.000,5.400.000
460,MVC,CTCP Vật liệu và Xây dựng Bình Dương,22/3/2017,100.000.000,100.000.000
461,MVN,Tổng công ty Hàng hải Việt Nam - CTCP,8/10/2018,6.374.700,1.200.588.000
462,NAB,Ngân hàng TMCP Nam Á,9/10/2020,846.434.661,846.434.661
463,NAC,CTCP Tư vấn Xây dựng Tổng hợp,21/3/2017,2.835.000,2.835.000
464,NAS,CTCP Dịch vụ hàng không sân bay Nội Bài,25/1/2017,8.315.764,8.315.482
465,NAU,CTCP Môi trường và Công trình đô thị Nghệ An,29/6/2018,3.669.999,3.669.999
466,NAW,CTCP Cấp nước Nghệ An,4/8/2017,37.385.983,37.385.983
467,NBE,CTCP Sách và thiết bị Giáo dục miền Bắc,21/8/2017,5.000.000,5.000.000
468,NBT,CTCP Cấp thoát nước Bến Tre,1/6/2016,29.400.000,29.400.000
469,NCS,CTCP Suất ăn Hàng Không Nội Bài,2/12/2015,17.949.098,17.948.210
470,ND2,CTCP Đầu tư và phát triển điện miền Bắc 2,22/7/2010,49.993.960,49.993.960
471,NDC,CTCP Nam Dược,11/3/2010,5.964.000,5.964.000
472,NDF,CTCP Chế biến thực phẩm nông sản xuất khẩu Nam Định,18/11/2019,7.853.800,7.853.800
473,NDP,CTCP Dược phẩm 2-9,20/11/2015,11.100.000,11.100.000
474,NDT,Tổng CTCP Dệt May Nam Định,11/9/2018,15.639.976,15.639.976
475,NDW,CTCP Cấp nước Nam Định,11/6/2019,34.311.748,34.228.048
476,NED,CTCP Đầu tư và Phát triển Điện Tây Bắc,18/8/2017,40.500.000,40.500.000
477,NGC,CTCP Chế biến Thủy sản xuất khẩu Ngô Quyền,31/5/2021,2.299.854,2.299.854
478,NHP,CTCP Sản xuất Xuất nhập khẩu NHP,2/7/2021,27.576.490,27.576.490
479,NHV,CTCP Sức khỏe Hồi sinh Việt Nam,14/6/2017,5.480.112,5.480.112
480,NJC,CTCP May Nam Định,23/12/2020,3.000.000,3.000.000
481,NLS,Công ty Cổ phần Cấp thoát Nước Lạng Sơn,29/7/2016,5.009.800,5.009.800
482,NNG,CTCP Công nghiệp - Dịch vụ - Thương mại Ngọc Nghĩa,31/3/2015,81.570.988,81.570.988
483,NNT,CTCP Cấp nước Ninh Thuận,22/6/2012,9.490.841,9.490.841
484,NOS,Công ty cổ phần Vận Tải Biển và Thương mại Phương Đông,11/1/2011,20.056.000,19.525.932
485,NQB,CTCP Cấp nước Quảng Bình,16/7/2015,17.230.204,17.230.204
486,NQN,CTCP Nước sạch Quảng Ninh,15/6/2018,50.831.593,50.831.593
487,NQT,CTCP Nước sạch Quảng Trị,9/12/2016,18.233.269,18.233.269
488,NS2,Công ty Cổ phần Nước sạch số 2 Hà Nội,30/11/2016,56.800.000,56.800.000
489,NSG,CTCP Nhựa Sài Gòn,19/5/2016,8.639.208,8.639.208
490,NSL,CTCP Cấp nước Sơn La,22/7/2019,10.000.000,9.999.859
491,NSS,CTCP Nông Súc Sản Đồng Nai,30/10/2018,10.263.942,10.263.942
492,NTB,CTCP Đầu tư xây dựng và Khai thác Công trình giao thông 584,16/1/2014,39.779.577,39.779.577
493,NTC,CTCP Khu Công nghiệp Nam Tân Uyên,19/12/2016,23.999.980,23.999.980
494,NTF,CTCP Dược - Vật tư Y tế Nghệ An,4/7/2019,6.000.000,6.000.000
495,NTT,CTCP Dệt - May Nha Trang,27/12/2017,23.500.000,23.500.000
496,NTW,CTCP Cấp nước Nhơn Trạch,9/4/2012,10.000.000,10.000.000
497,NUE,CTCP Môi trường đô thị Nha Trang,20/2/2017,6.000.000,6.000.000
498,NVP,CTCP Nước sạch Vĩnh Phúc,15/12/2016,10.963.000,10.963.000
499,NWT,Công ty Cổ phần Vận tải Newway,30/3/2016,8.500.000,8.500.000
500,NXT,CTCP Sản xuất và Cung ứng vật liệu xây dựng Kon Tum,9/12/2021,6.600.000,6.600.000
501,ODE,CTCP Tập đoàn Truyền thông và Giải trí ODE,10/1/2022,10.000.000,10.000.000
502,OIL,Tổng Công ty Dầu Việt Nam - CTCP,7/3/2018,201.425.936,1.034.229.500
503,ONW,CTCP Dịch vụ Một thế giới,17/2/2017,2.000.000,2.000.000
504,PAI,"CTCP Công nghệ thông tin, Viễn thông và Tự động hóa dầu khí",23/1/2017,4.235.290,4.235.290
505,PAP,CTCP Dầu khí Đầu tư Khai thác Cảng Phước An,14/7/2021,200.000.000,200.000.000
506,PAS,CTCP Quốc tế Phương Anh,21/9/2020,28.049.968,28.049.968
507,PAT,CTCP Phốt pho Apatit Việt Nam,17/6/2022,25.000.000,25.000.000
508,PBC,CTCP Dược phẩm Trung ương I - Pharbaco,26/11/2019,113.299.902,113.299.902
509,PBT,CTCP Nhà và Thương mại Dầu khí,18/1/2019,17.522.284,17.522.284
510,PCC,CTCP Tập đoàn Xây lắp 1 - Petrolimex,14/11/2017,11.500.000,11.500.000
511,PCF,CTCP Cà phê Petec,29/3/2017,3.000.000,3.000.000
512,PCM,CTCP Vật liệu Xây dựng Bưu Điện,10/8/2017,4.000.000,3.920.000
513,PCN,CTCP Hóa phẩm dầu khí DMC - Miền Bắc,31/5/2019,3.924.550,3.924.550
514,PDC,CTCP Du lịch Dầu khí Phương Đông,8/8/2022,15.000.000,15.000.000
515,PDV,CTCP Vận tải và Tiếp vận Phương Đông Việt,20/4/2017,25.109.986,31.109.986
516,PEC,CTCP Cơ khí Điện lực,6/10/2010,3.115.409,3.115.409
517,PEG,Tổng công ty Thương mại Kỹ thuật và Đầu tư -Công ty cổ phần,5/11/2018,231.898.919,231.898.919
518,PEQ,CTCP Thiết bị Xăng dầu Petrolimex,18/1/2016,4.965.514,4.965.514
519,PFL,Công ty cổ phần Dầu khí Đông Đô,25/5/2015,50.000.000,50.000.000
520,PGB,Ngân hàng TMCP Xăng dầu Petrolimex,24/12/2020,300.000.000,300.000.000
521,PHH,CTCP Hồng Hà Việt Nam,31/8/2015,20.000.000,18.100.000
522,PHP,CTCP Cảng Hải Phòng,14/9/2022,326.960.000,326.960.000
523,PHS,CTCP Chứng khoán Phú Hưng,4/6/2020,150.009.819,150.009.329
524,PID,CTCP Trang trí nội thất Dầu Khí,31/7/2015,4.000.000,4.000.000
525,PIS,Tổng công ty Pisico Bình Định - CTCP,12/1/2016,27.500.000,27.500.000
526,PIV,CTCP PIV,7/9/2018,17.324.942,17.324.942
527,PJS,CTCP Cấp nước Phú Hòa Tân,5/12/2011,9.000.000,9.000.000
528,PLA,CTCP Đầu tư và Dịch vụ hạ tầng Xăng dầu,20/11/2017,10.000.000,10.000.000
529,PLE,CTCP Tư vấn Xây dựng Petrolimex,7/1/2021,1.215.000,1.215.000
530,PLO,CTCP Kho vận Petec,10/4/2020,7.192.550,7.192.550
531,PMJ,CTCP Vật tư Bưu điện,29/6/2016,1.800.000,1.800.000
532,PMT,CTCP Viễn thông Telvina Việt Nam,22/7/2010,5.000.000,4.940.000
533,PMW,CTCP Cấp nước Phú Mỹ,17/7/2019,46.999.832,49.999.832
534,PND,CTCP Xăng dầu Dầu khí Nam Định,20/2/2017,6.666.666,6.666.666
535,PNG,Công ty Cổ phần Thương mại Phú Nhuận,5/4/2016,9.000.000,9.000.000
536,PNP,CTCP Tân Cảng - Phú Hữu,17/5/2019,16.100.000,16.100.000
537,PNT,CTCP Kỹ thuật Xây dựng Phú Nhuận,12/1/2017,9.282.802,9.282.272
538,POB,CTCP Xăng dầu Dầu khí Thái Bình,29/9/2017,10.900.000,10.900.000
539,POS,"CTCP Dịch vụ Lắp đặt, Vận hành và Bảo dưỡng Công trình Dầu khí biển PTSC",25/11/2016,40.000.000,40.000.000
540,POV,CTCP Xăng dầu Dầu khí Vũng Áng,23/9/2010,12.499.612,12.499.612
541,PPH,Tổng công ty cổ phần Phong Phú,23/8/2017,74.670.891,74.670.891
542,PPI,CTCP Đầu tư và Phát triển Dự án Hạ tầng Thái Bình Dương,27/5/2019,48.290.629,48.290.629
543,PQN,CTCP Dịch vụ Dầu khí Quảng Ngãi PTSC,4/10/2019,30.000.000,30.000.000
544,PRO,CTCP Procimex Việt Nam,10/10/2014,3.000.000,3.000.000
545,PRT,Tổng công ty Sản xuất - Xuất nhập khẩu Bình Dương- CTCP,7/5/2018,300.000.000,300.000.000
546,PSB,CTCP Đầu tư Dầu khí Sao Mai – Bến Đình,25/2/2010,50.000.000,50.000.000
547,PSG,CTCP Đầu tư và Xây lắp Dầu khí Sài Gòn,15/9/2015,35.000.000,35.000.000
548,PSL,CTCP Chăn nuôi Phú Sơn,17/5/2010,11.812.500,11.812.500
549,PSN,CTCP Dịch vụ Kỹ thuật PTSC Thanh Hóa,29/6/2017,40.000.000,40.000.000
550,PSP,CTCP Cảng dịch vụ Dầu khí Đình Vũ,10/11/2009,40.000.000,40.000.000
551,PTE,Công ty Cổ phần Xi măng Phú Thọ,12/8/2015,12.500.000,12.130.776
552,PTG,CTCP May Xuất Khẩu Phan Thiết,4/1/2010,4.864.385,4.996.185
553,PTH,CTCP Vận tải và Dịch vụ Petrolimex Hà Tây,23/3/2010,3.503.164,3.503.164
554,PTN,CTCP Phát triển Nhà Khánh Hòa,14/10/2022,5.801.924,5.801.924
555,PTO,CTCP Dịch vụ- Xây dựng Công trình Bưu điện,20/6/2017,1.200.000,1.200.000
556,PTP,CTCP Dịch vụ viễn thông và In bưu điện,10/12/2009,6.800.000,6.671.367
557,PTT,CTCP Vận tải dầu khí Đông Dương,29/4/2010,10.000.000,10.000.000
558,PTV,CTCP Thương mại Dầu khí,5/11/2019,20.000.000,20.000.000
559,PTX,CTCP Vận tải và dịch vụ Petrolimex Nghệ Tĩnh,30/7/2018,5.847.685,5.847.685
560,PVA,CTCP Tổng Công ty Xây lắp Dầu khí Nghệ An,1/10/2014,21.846.000,21.846.000
561,PVE,Tổng Công ty Tư vấn Thiết kế Dầu khí - CTCP,4/6/2020,25.000.000,25.000.000
562,PVH,CTCP Xây lắp Dầu khí Thanh Hóa,19/5/2017,21.000.000,21.000.000
563,PVL,CTCP Đầu tư Nhà đất Việt,25/4/2023,50.000.000,50.000.000
564,PVM,CTCP Máy - Thiết bị Dầu khí,20/12/2016,38.638.600,38.638.600
565,PVO,CTCP Dầu nhờn PV Oil,12/1/2016,8.900.000,8.900.000
566,PVR,CTCP Đầu tư PVR Hà Nội,2/6/2017,53.100.913,51.906.713
567,PVV,Công ty cổ phần Vinaconex 39,3/6/2019,30.000.000,30.000.000
568,PVX,Tổng CTCP Xây lắp Dầu khí Việt Nam,17/6/2020,400.000.000,399.997.029
569,PVY,CTCP Chế tạo Giàn khoan Dầu khí,29/12/2017,59.489.787,59.489.787
570,PWA,CTCP Bất động sản Dầu khí,11/6/2019,10.000.000,10.000.000
571,PWS,CTCP Cấp thoát nước Phú Yên,30/6/2017,38.398.179,38.363.579
572,PX1,CTCP Xi Măng Sông Lam 2,1/12/2010,20.000.000,20.000.000
573,PXA,CTCP Đầu tư và Thương mại Dầu khí Nghệ An,13/6/2018,15.000.000,15.000.000
574,PXC,Công ty Cổ phần Phát triển Đô thị Dầu khí,9/2/2017,28.068.900,28.068.900
575,PXI,CTCP Xây dựng Công nghiệp và Dân dụng Dầu khí,19/5/2022,30.000.000,30.000.000
576,PXL,CTCP Đầu tư Khu Công nghiệp Dầu khí Long Sơn,23/5/2016,82.722.212,82.574.412
577,PXM,CTCP Xây lắp Dầu khí Miền Trung,1/7/2014,15.000.000,15.000.000
578,PXS,CTCP Kết cấu Kim loại và Lắp máy Dầu khí,8/7/2022,60.000.000,60.000.000
579,PXT,CTCP Xây lắp Đường ống Bể chứa Dầu khí,9/6/2021,20.000.000,20.000.000
580,QCC,CTCP Đầu tư Xây dựng và Phát triển Hạ tầng Viễn thông,6/6/2014,1.500.000,1.329.700
581,QHW,CTCP Nước khoáng Quảng Ninh,22/12/2016,8.000.000,7.979.400
582,QNC,CTCP Xi măng và Xây dựng Quảng Ninh,6/10/2020,60.000.000,59.932.000
583,QNS,CTCP Đường Quảng Ngãi,20/12/2016,356.939.955,356.939.955
584,QNT,CTCP Tư vấn và Đầu tư phát triển Quảng Nam,9/1/2020,3.222.000,3.222.000
585,QNU,CTCP Môi trường đô thị Quảng Nam,28/2/2017,6.800.000,6.800.000
586,QNW,CTCP Cấp thoát nước và Xây dựng Quảng Ngãi,26/12/2016,20.000.000,20.000.000
587,QPH,CTCP Thủy điện Quế Phong,11/7/2014,18.583.100,18.583.100
588,QSP,CTCP Tân Cảng Quy Nhơn,23/9/2016,10.792.275,10.792.275
589,QTP,CTCP Nhiệt điện Quảng Ninh,16/3/2017,450.000.000,450.000.000
590,RAT,CTCP Vận tải và Thương mại Đường sắt,15/8/2016,5.921.841,5.921.841
591,RBC,CTCP Công nghiệp và Xuất nhập khẩu Cao su,18/2/2016,10.030.308,9.903.708
592,RCC,CTCP Tổng công ty Công trình đường sắt,2/12/2016,32.064.749,32.064.749
593,RCD,CTCP Xây dựng - Địa ốc Cao su,6/2/2015,5.300.062,4.849.832
594,RGC,CTCP Đầu tư PV- Inconess,19/6/2017,89.123.600,89.123.600
595,RIC,Công ty cổ phần Quốc tế Hoàng Gia,26/5/2022,28.708.169,28.708.169
596,RTB,CTCP Cao su Tân Biên,7/11/2016,87.945.000,87.945.000
597,S12,CTCP Sông Đà 12,26/5/2016,5.000.000,5.000.000
598,S27,Công ty Cổ phần Sông Đà 27,27/11/2014,1.572.833,1.572.833
599,S72,CTCP Sông Đà 7.02,22/5/2018,12.000.000,12.000.000
600,S74,Công ty cổ phần Sông Đà 7.04,11/6/2021,6.480.000,6.480.000
601,S96,Công ty Cổ Phần Sông Đà 9.06,21/8/2014,11.155.532,11.155.532
602,SAC,CTCP Xếp dỡ và Dịch vụ Cảng Sài Gòn,8/11/2016,4.050.000,3.950.900
603,SAL,CTCP Trục vớt cứu hộ Việt Nam,20/10/2017,8.310.000,8.310.000
604,SAP,Công Ty Cổ phần In Sách giáo khoa Tp. HCM,7/5/2018,1.286.984,1.286.984
605,SAS,CTCP Dịch vụ Hàng không Sân bay Tân Sơn Nhất,16/4/2015,133.481.310,133.451.910
606,SB1,CTCP Bia Sài Gòn- Nghệ Tĩnh,26/12/2016,10.500.000,10.500.000
607,SBD,CTCP Công nghệ Sao Bắc Đẩu,16/2/2017,13.514.680,13.514.680
608,SBH,CTCP Thủy điện Sông Ba Hạ,7/6/2018,124.225.000,124.225.000
609,SBL,Công ty Cổ phần Bia Sài Gòn - Bạc Liêu,23/1/2017,12.012.000,12.012.000
610,SBM,CTCP Đầu tư Phát triển Bắc Minh,21/9/2017,45.044.953,45.044.953
611,SBR,CTCP Cao su Sông Bé,2/11/2020,81.396.192,81.396.192
612,SBS,Công ty cổ phần Chứng khoán SBS,28/4/2014,146.607.600,146.607.600
613,SCC,CTCP Thương mại Đầu tư SHB,6/8/2014,4.884.900,4.792.500
614,SCJ,CTCP Xi măng Sài Sơn,27/5/2019,57.839.000,57.839.000
615,SCL,Công ty cổ phần Sông Đà Cao Cường,18/5/2020,17.278.888,17.278.888
616,SCO,CTCP Công nghiệp Thủy sản,17/9/2010,4.200.000,4.064.700
617,SCY,CTCP Đóng tàu Sông Cấm,25/10/2017,61.968.926,61.968.926
618,SD1,Công ty cổ phần Sông Đà 1,8/6/2015,5.000.000,7.778.278
619,SD2,CTCP Sông Đà 2,8/8/2022,14.423.536,14.423.536
620,SD3,CTCP Sông Đà 3,24/12/2013,15.999.356,15.999.356
621,SD7,Công ty Cổ phần Sông Đà 7,1/6/2018,10.600.000,10.600.000
622,SD8,Công ty cổ phần Sông Đà 8,25/12/2015,2.800.000,2.800.000
623,SDB,CTCP Sông Đà 207,3/7/2014,11.000.000,11.000.000
624,SDD,CTCP Đầu tư và Xây lắp Sông đà,14/6/2019,16.007.685,16.007.334
625,SDJ,CTCP Sông Đà 25,2/12/2014,4.343.700,4.343.700
626,SDK,CTCP Cơ khí luyện kim,28/10/2010,2.600.000,2.600.000
627,SDP,CTCP SDP,1/3/2019,11.114.472,11.114.472
628,SDV,CTCP Dịch vụ Sonadezi,22/4/2011,5.000.000,5.000.000
629,SDX,CTCP Phòng cháy chữa cháy và Đầu tư Xây dựng Sông Đà,24/9/2015,2.250.000,2.500.000
630,SDY,CTCP Xi măng Sông Đà Yaly,9/6/2017,4.500.000,4.500.000
631,SEA,Tổng công ty Thủy sản Việt Nam- Công ty cổ phần,23/12/2016,125.000.000,124.990.500
632,SEP,CTCP Tổng Công ty Thương mại Quảng Trị,6/2/2017,8.400.000,8.400.000
633,SGB,Ngân hàng TMCP Sài Gòn Công thương,15/10/2020,308.000.000,308.000.000
634,SGI,CTCP Đầu tư Phát triển Sài Gòn 3 Group,14/9/2021,75.464.700,75.464.700
635,SGO,CTCP Dầu thực vật Sài Gòn,30/12/2019,20.000.000,20.000.000
636,SGP,CTCP Cảng Sài Gòn,25/4/2016,216.294.961,216.294.961
637,SGS,CTCP Vận tải biển Sài Gòn,22/12/2010,14.420.000,14.420.000
638,SHC,CTCP Hàng hải Sài Gòn,13/10/2017,4.309.550,4.309.550
639,SHG,Tổng CTCP Sông Hồng,10/4/2015,27.000.000,27.000.000
640,SHX,CTCP Sài Gòn Hỏa xa,11/10/2016,1.720.000,1.720.000
641,SID,CTCP Đầu tư Phát triển Sài Gòn Co.op,9/1/2017,100.000.000,100.000.000
642,SIG,CTCP Đầu tư và Thương mại Sông Đà,10/10/2019,10.000.000,10.000.000
643,SII,CTCP Hạ tầng nước Sài Gòn,18/5/2023,64.522.104,64.522.104
644,SIP,CTCP Đầu tư Sài Gòn VRG,6/6/2019,90.904.146,90.904.146
645,SIV,CTCP SIVICO,23/5/2017,3.012.374,3.012.374
646,SJC,CTCP Sông Đà 1.01,2/7/2021,7.226.082,6.934.782
647,SJG,Tổng công ty Sông Đà - CTCP,12/2/2018,449.537.112,449.537.112
648,SJM,Công ty Cổ Phần Sông Đà 19,29/5/2014,5.000.000,5.000.000
649,SKH,Công ty Cổ phần Nước giải khát Sanest Khánh Hòa,25/10/2017,16.126.740,33.000.000
650,SKN,CTCP Nước giải khát Sanna Khánh Hòa,10/10/2018,5.000.000,5.000.000
651,SKV,CTCP Nước giải khát Yến sào Khánh Hòa,3/11/2017,23.000.000,23.000.000
652,SNC,Công ty Cổ phần Xuất nhập khẩu Thủy sản Năm Căn,11/11/2014,5.000.000,5.000.000
653,SNZ,Tổng công ty cổ phần Phát triển khu công nghiệp,20/11/2017,376.500.000,376.491.800
654,SP2,CTCP Thủy điện Sử Pán 2,30/9/2016,20.746.000,20.623.000
655,SPB,CTCP Sợi Phú Bài,17/10/2016,9.500.000,13.300.087
656,SPD,CTCP Xuất nhập khẩu Thủy sản miền Trung,22/4/2010,12.000.000,12.000.000
657,SPH,CTCP Xuất nhập khẩu Thủy sản Hà Nội,20/5/2014,10.000.000,10.000.000
658,SPV,CTCP Thủy Đặc Sản,14/2/2017,10.800.000,10.800.000
659,SQC,CTCP Khoáng sản Sài Gòn - Quy Nhơn,26/5/2016,110.000.000,107.299.000
660,SRB,CTCP Tập đoàn Sara,26/5/2016,8.500.000,8.500.000
661,SRT,CTCP Vận tải Đường sắt Sài Gòn,25/11/2016,50.310.000,50.310.000
662,SSF,CTCP Giáo dục G Sài Gòn,20/4/2010,3.200.000,3.106.850
663,SSG,CTCP Vận tải biển Hải Âu,3/6/2015,5.000.000,4.981.190
664,SSH,CTCP Phát triển Sunshine Homes,4/8/2021,375.000.000,375.000.000
665,SSN,CTCP Xuất nhập khẩu Thủy sản Sài Gòn,15/10/2013,39.600.000,39.600.000
666,STH,CTCP Phát hành sách Thái Nguyên,17/3/2020,19.500.000,19.500.000
667,STL,CTCP Sông Đà Thăng Long,12/11/2013,15.000.000,15.000.000
668,STS,CTCP Dịch vụ Vận tải Sài Gòn,30/3/2010,2.768.221,2.744.257
669,STT,CTCP Vận chuyển Sài Gòn Tourist,13/7/2018,8.000.000,8.000.000
670,STW,CTCP Cấp nước Sóc Trăng,6/7/2018,15.863.133,15.863.133
671,SVG,CTCP Hơi Kỹ nghệ Que Hàn,6/4/2016,29.350.000,29.350.000
672,SVH,CTCP Thủy điện Sông Vàng,28/12/2017,14.820.662,14.820.662
673,SWC,Tổng CTCP Đường sông Miền Nam,29/4/2011,67.100.000,67.100.000
674,SZE,CTCP Môi trường Sonadezi,9/12/2016,30.000.000,30.000.000
675,SZG,CTCP Sonadezi Giang Điền,27/12/2021,54.898.000,54.898.000
676,TA3,CTCP Đầu tư và Xây lắp Thành An 386,5/1/2018,2.309.908,2.309.908
677,TA6,CTCP Đầu tư và Xây lắp Thành An 665,28/11/2017,3.000.000,3.000.000
678,TAN,Công ty cổ phần Cà phê Thuận An,10/6/2019,1.613.690,1.613.690
679,TAW,CTCP Cấp nước Trung An,29/7/2016,5.000.000,5.000.000
680,TB8,CTCP Sản xuất và Kinh doanh Vật tư thiết bị- VVMI,30/12/2016,1.250.000,1.250.000
681,TBD,Tổng Công ty Thiết bị điện Đông Anh - CTCP,15/10/2014,32.486.392,32.418.392
682,TBH,CTCP Tổng Bách Hóa,13/8/2021,93.117.800,93.117.800
683,TBR,CTCP Địa ốc Tân Bình,20/7/2022,8.060.000,8.060.000
684,TBT,CTCP Xây Dựng Công Trình Giao Thông Bến Tre,1/3/2010,1.656.470,1.656.470
685,TCI,CTCP Chứng khoán Thành Công,5/9/2018,100.979.982,100.979.982
686,TCJ,CTCP Tô Châu,24/11/2017,10.000.000,10.000.000
687,TCK,Tổng công ty cơ khí xây dựng- CTCP,27/10/2017,23.850.000,23.850.000
688,TCW,CTCP Kho vận Tân Cảng,26/6/2017,19.991.020,19.991.020
689,TDB,CTCP Thủy điện Định Bình,19/7/2017,8.230.000,8.230.000
690,TDF,CTCP Trung Đô,12/5/2020,30.000.000,30.000.000
691,TDI,CTCP Tập đoàn TDI,29/12/2022,3.000.000,3.000.000
692,TDS,CTCP Thép Thủ Đức - VNSTEEL,6/10/2011,12.225.393,12.225.393
693,TED,Tổng Công ty Tư vấn thiết kế Giao thông vận tải - CTCP,10/5/2022,12.500.000,12.500.000
694,TEL,CTCP Phát triển công trình Viễn thông,26/9/2017,5.000.000,5.000.000
695,TGP,CTCP Trường Phú,24/6/2009,10.000.000,9.992.500
696,TH1,CTCP Xuất nhập khẩu Tổng hợp I Việt Nam,27/4/2018,13.539.267,13.539.226
697,THN,CTCP Cấp nước Thanh Hóa,5/10/2017,32.995.411,32.995.411
698,THP,CTCP Thủy sản và Thương mại Thuận Phước,18/11/2019,21.611.185,21.610.785
699,THU,CTCP Môi trường và Công trình Đô thị Thanh Hóa,6/6/2017,3.297.790,3.297.790
700,THW,CTCP Cấp nước Tân Hòa,1/3/2016,5.000.000,4.998.000
701,TID,CTCP Tổng công ty Tín Nghĩa,12/12/2018,200.000.000,200.000.000
702,TIE,CTCP TIE,9/8/2019,9.569.900,9.569.900
703,TIN,Công ty Tài chính Cổ phần Tín Việt,28/12/2021,70.137.214,70.137.214
704,TIS,CTCP Gang thép Thái Nguyên,24/3/2011,184.000.000,183.988.900
705,TKA,CTCP Bao bì Tân Khánh An,3/6/2020,3.800.000,3.800.000
706,TL4,Tổng công ty Xây dựng Thủy lợi 4 - CTCP,4/2/2015,16.008.338,14.658.338
707,TLI,CTCP May Quốc tế Thắng Lợi,25/1/2019,3.000.000,3.000.000
708,TLP,Tổng công ty Thương mại Xuất nhập khẩu Thanh Lễ- CTCP,8/12/2017,236.600.000,236.579.900
709,TLT,CTCP Viglacera Thăng Long,8/12/2006,6.989.800,6.989.800
710,TMG,CTCP Kim loại màu Thái Nguyên - Vimico,7/2/2017,18.000.000,18.000.000
711,TMW,CTCP Tổng hợp Gỗ Tân Mai,23/12/2009,4.662.350,4.662.350
712,TNB,CTCP Thép Nhà Bè - VNSTEEL,16/4/2010,14.490.000,14.490.000
713,TNM,CTCP Xuất nhập khẩu và Xây dựng công trình,27/10/2009,5.800.000,5.787.040
714,TNP,CTCP Cảng Thị Nại,23/12/2016,7.100.000,7.100.000
715,TNS,CTCP Thép Tấm lá Thống Nhất,6/1/2017,20.000.000,20.000.000
716,TNW,CTCP Nước sạch Thái Nguyên,26/5/2017,16.000.000,16.000.000
717,TOP,Công ty Cổ phần Phân phối Top One,23/7/2015,25.350.000,25.350.000
718,TOS,CTCP Dịch vụ biển Tân Cảng,8/9/2021,30.999.886,30.999.886
719,TOW,CTCP Cấp nước Trà Nóc- Ô Môn,25/1/2019,7.978.150,7.978.150
720,TPS,CTCP Bến bãi Vận tải Sài Gòn,1/12/2015,5.000.000,5.000.000
721,TQN,CTCP Thông Quảng Ninh,8/2/2017,3.600.000,3.600.000
722,TQW,CTCP Cấp thoát nước Tuyên Quang,14/6/2019,8.933.200,8.933.200
723,TR1,CTCP Vận tải 1 Traco,24/8/2020,4.592.490,4.592.490
724,TRS,CTCP Vận tải và Dịch vụ Hàng Hải,18/9/2015,4.548.413,4.536.313
725,TRT,CTCP RedstarCera,16/3/2017,11.000.000,10.972.768
726,TS3,Công ty Cổ phần Trường Sơn 532,19/1/2018,3.851.880,3.851.880
727,TS4,CTCP Thủy sản số 4,24/9/2021,16.160.646,16.051.594
728,TSD,CTCP Du lịch Trường Sơn COECCO,10/1/2018,1.300.000,1.274.000
729,TSG,CTCP Thông tin Tín hiệu Đường sắt Sài Gòn,18/4/2017,3.074.100,3.074.100
730,TSJ,CTCP Du lịch Dịch vụ Hà Nội,1/8/2017,74.800.000,74.797.400
731,TST,CTCP Dịch vụ Kỹ thuật Viễn thông,8/8/2022,4.800.000,4.800.000
732,TTD,CTCP Bệnh viện tim Tâm Đức,6/2/2017,15.552.000,15.552.000
733,TTG,CTCP May Thanh Trì,2/2/2010,2.000.000,1.950.000
734,TTN,CTCP Công nghệ và Truyền thông Việt Nam,19/4/2017,36.727.500,36.727.500
735,TTP,CTCP Bao bì Tân Tiến,15/3/2017,14.999.998,13.517.770
736,TTS,CTCP Cán thép Thái Trung,17/5/2017,50.800.000,50.800.000
737,TUG,CTCP Lai dắt và Vận tải Cảng Hải Phòng,21/2/2017,2.700.000,2.700.000
738,TV1,CTCP Tư vấn Xây dựng Điện 1,22/6/2018,26.691.319,26.691.319
739,TV6,CTCP Thương mại Đầu tư Xây lắp điện Thịnh Vượng,21/5/2021,3.000.000,3.000.000
740,TVA,CTCP Sứ Viglacera Thanh Trì,11/4/2017,6.300.000,6.300.000
741,TVG,CTCP Tư vấn Đầu tư và Xây dựng Giao thông vận tải,25/1/2010,2.029.589,2.029.589
742,TVH,CTCP Tư vấn Xây dựng Công trình Hàng Hải,17/1/2019,4.004.000,4.004.000
743,TVM,CTCP Tư vấn đầu tư mỏ và công nghiệp - Vinacomin,15/12/2015,2.400.000,2.400.000
744,TVN,Tổng Công ty Thép Việt Nam - CTCP,18/1/2016,678.000.000,678.000.000
745,TVP,CTCP Dược phẩm TV.Pharm,17/8/2017,29.493.529,29.493.375
746,TVW,CTCP Cấp thoát nước Trà Vinh,11/12/2017,14.597.860,14.597.860
747,TW3,CTCP Dược Trung ương 3,18/10/2016,1.750.000,1.702.600
748,UCT,CTCP Đô thị Cần Thơ,15/11/2016,5.344.345,5.344.345
749,UDC,CTCP Xây dựng và Phát triển Đô thị Tỉnh Bà Rịa - Vũng Tàu,23/5/2023,35.000.000,34.706.000
750,UDJ,Công ty cổ phần Phát triển Đô Thị,22/12/2009,16.500.000,16.500.000
751,UDL,CTCP Đô thị và Môi trường Đắk Lắk,9/1/2020,6.620.000,6.620.000
752,UEM,CTCP Cơ điện Uông Bí - Vinacomin,24/9/2015,2.438.100,2.438.100
753,UMC,CTCP Công trình đô thị Nam Định,28/8/2017,1.841.617,1.841.617
754,UPC,CTCP Phát triển Công viên cây xanh và Đô thị Vũng Tàu,21/4/2017,3.400.000,3.400.000
755,UPH,CTCP Dược phẩm TW25,29/12/2016,13.294.641,13.294.641
756,USC,CTCP Khảo sát và Xây dựng- USCO,6/2/2017,5.500.000,5.500.000
757,USD,CTCP Công trình Đô thị Sóc Trăng,30/1/2019,5.600.000,5.600.000
758,V11,CTCP Xây dựng số 11,15/12/2008,8.399.889,8.399.889
759,V15,CÔNG TY CỔ PHẦN XÂY DỰNG SỐ 15,21/7/2015,10.000.000,10.000.000
760,VAB,Ngân hàng Thương mại Cổ phần Việt Á,20/7/2021,539.960.043,539.960.043
761,VAV,CTCP VIWACO,26/7/2017,32.000.000,32.000.000
762,VBB,Ngân hàng TMCP Việt Nam Thương Tín,30/7/2019,477.682.669,477.682.669
763,VBG,CTCP Địa chất Việt Bắc- TKV,24/3/2017,8.600.000,8.600.000
764,VBH,CTCP Điện tử Bình Hòa,5/6/2017,2.900.000,2.900.000
765,VC5,CTCP Xây dựng số 5,3/6/2016,5.000.000,5.000.000
766,VCE,CTCP Xây lắp Môi trường,29/12/2016,5.000.000,5.000.000
767,VCP,CTCP Xây dựng và Năng lượng VCP,16/12/2016,83.789.658,83.789.658
768,VCR,CTCP Đầu tư và Phát triển Du lịch Vinaconex,12/5/2020,210.000.000,210.000.000
769,VCT,CTCP Tư vấn xây dựng Vinaconex,15/7/2010,1.100.000,1.100.000
770,VCW,CTCP Đầu tư Nước sạch Sông Đà,23/11/2016,75.000.000,75.000.000
771,VCX,Công ty cổ phần Xi măng Yên Bình,1/4/2014,26.530.000,26.530.000
772,VDB,CTCP Vận tải và Chế biến Than Đông Bắc,22/11/2018,8.678.238,8.678.238
773,VDN,CTCP Vinatex Đà Nẵng,15/7/2010,3.142.910,3.130.730
774,VDT,CTCP Lưới thép Bình Tây,1/3/2011,1.965.440,1.965.440
775,VE9,CTCP Đầu tư và Xây dựng VNECO 9,17/11/2020,12.523.613,12.523.613
776,VEA,Tổng công ty Máy động lực và Máy nông nghiệp Việt Nam - CTCP,2/7/2018,1.328.800.000,1.328.800.000
777,VEC,Tổng CTCP Điện tử và Tin học Việt Nam,14/7/2017,43.800.000,43.800.000
778,VEF,CTCP Trung tâm Hội chợ Triển lãm Việt Nam,22/12/2015,166.604.050,166.601.050
779,VES,CTCP Đầu tư và Xây dựng điện MÊ CA VNECO,18/3/2015,9.007.500,9.007.500
780,VET,CTCP Thuốc thú y Trung ương Navetco,13/12/2017,16.000.000,16.000.000
781,VFC,CTCP Vinafco,1/7/2013,34.000.000,33.801.062
782,VFR,CTCP Vận tải và Thuê tàu,9/6/2017,15.000.000,15.000.000
783,VGG,Tổng CTCP May Việt Tiến,10/3/2016,44.100.000,44.100.000
784,VGI,Tổng Công ty cổ phần Đầu tư Quốc tế Viettel,25/9/2018,3.043.811.200,3.043.811.200
785,VGL,CTCP Mạ kẽm công nghiệp Vingal-Vnsteel,15/8/2016,9.325.155,9.325.155
786,VGR,CTCP Cảng Xanh Vip,12/4/2018,63.250.000,63.250.000
787,VGT,Tập đoàn Dệt may Việt Nam,3/1/2017,500.000.000,500.000.000
788,VGV,Tổng công ty Tư vấn Xây dựng Việt Nam - CTCP,17/7/2017,35.774.448,35.774.448
789,VHD,CTCP Đầu tư Phát triển nhà và Đô thị VINAHUD,22/6/2017,38.000.000,38.000.000
790,VHF,CTCP Xây dựng và chế biến lương thực Vĩnh Hà,7/5/2010,21.500.000,21.500.000
791,VHG,CTCP Đầu tư và Phát triển Việt Trung Nam,31/5/2019,150.000.000,150.000.000
792,VHH,CTCP Đầu tư Kinh doanh nhà Thành Đạt,25/6/2014,7.500.000,7.500.000
793,VIE,CTCP Công nghệ Viễn thông VITECO,3/8/2022,2.061.244,5.061.244
794,VIH,CTCP Viglacera Hà Nội,24/4/2017,5.600.000,5.600.000
795,VIM,CTCP Khoáng sản Viglacera,24/1/2017,1.250.000,1.250.000
796,VIN,CTCP Giao nhận Kho vận Ngoại thương Việt Nam,4/9/2014,25.500.000,25.500.000
797,VIR,CTCP Du lịch quốc tế Vũng Tàu,1/7/2010,8.240.000,8.240.000
798,VIW,Tổng công ty Đầu tư Nước và Môi trường Việt Nam- CTCP,5/1/2018,58.018.600,58.018.600
799,VKC,CTCP VKC Holdings,9/5/2023,20.000.000,19.279.000
800,VKP,CTCP Nhựa Tân Hóa,15/11/2013,8.000.000,8.000.000
801,VLB,CTCP Xây dựng và Sản xuất vật liệu xây dựng Biên Hòa,22/9/2016,47.000.000,46.720.560
802,VLC,Tổng Công ty Chăn nuôi Việt Nam - CTCP,26/10/2015,172.346.173,172.346.173
803,VLF,CTCP Lương thực Thực phẩm Vĩnh Long,13/5/2016,11.959.982,11.959.982
804,VLG,CTCP VIMC Logistics,18/9/2015,14.212.130,14.162.130
805,VLP,CTCP Công trình công cộng Vĩnh Long,18/7/2017,3.536.222,3.536.222
806,VLW,CTCP Cấp nước Vĩnh Long,17/7/2017,28.900.000,28.900.000
807,VMA,CTCP Công nghiệp Ô tô - Vinacomin,28/8/2015,2.700.000,2.700.000
808,VMG,CTCP Thương mại và Dịch vụ Dầu khí Vũng Tàu,11/10/2017,9.600.000,9.600.000
809,VMT,CTCP Giao nhận Vận tải Miền Trung,6/1/2023,3.150.000,3.150.000
810,VNA,CTCP Vận tải biển Vinaship,3/5/2017,20.000.000,20.000.000
811,VNB,CTCP Sách Việt Nam,15/7/2016,67.909.960,67.894.960
812,VNH,CTCP Đầu tư Việt Việt Nhật,31/3/2017,8.023.071,8.023.071
813,VNI,CTCP Đầu tư Bất động sản Việt Nam,4/6/2015,10.559.996,10.357.276
814,VNP,CTCP Nhựa Việt Nam,18/8/2015,19.428.913,19.428.913
815,VNX,CTCP Quảng cáo và Hội chợ thương mại Vinexad,10/6/2010,1.224.948,1.224.948
816,VNY,CTCP Thuốc thú y Trung ương I,3/8/2018,16.249.969,16.249.956
817,VNZ,Công ty cổ phần VNG,5/1/2023,35.844.262,28.736.000
818,VOC,Tổng công ty Công nghiệp Dầu thực vật Việt Nam – CTCP,19/9/2016,121.800.000,121.800.000
819,VPA,CTCP Vận tải Hóa dầu VP,27/1/2016,15.076.177,15.076.177
820,VPC,CTCP Đầu tư và Phát triển Năng lượng Việt Nam,29/5/2015,5.625.000,5.625.000
821,VPR,CTCP VINAPRINT,20/12/2016,4.575.985,4.575.985
822,VPW,CTCP Cấp thoát nước số 1 Vĩnh Phúc,13/11/2017,11.168.676,11.168.676
823,VQC,CTCP Giám định -Vinacomin,26/2/2010,3.599.580,3.599.580
824,VRG,CTCP Phát triển đô thị và Khu công nghiệp Cao su Việt Nam,10/11/2014,25.894.868,25.894.868
825,VSE,CTCP Dịch vụ Đường cao tốc Việt Nam,10/10/2018,8.937.250,8.937.250
826,VSF,Tổng công ty Lương thực Miền Nam - CTCP,23/4/2018,500.000.000,500.000.000
827,VSG,CTCP Container Phía Nam,19/6/2013,11.044.000,11.044.000
828,VSN,CTCP Việt Nam Kỹ nghệ Súc sản,21/10/2016,80.914.300,80.904.500
829,VST,CTCP Vận tải và Thuê tàu biển Việt Nam,10/6/2015,66.999.337,66.999.337
830,VTA,CTCP Vitaly,6/8/2009,8.000.000,8.000.000
831,VTD,CTCP Vietourist Holdings,6/11/2019,12.000.000,12.000.000
832,VTE,CTCP Vinacap Kim Long,5/6/2018,15.600.000,15.600.000
833,VTG,CTCP Du lịch tỉnh Bà Rịa - Vũng Tàu,25/12/2015,18.644.500,18.644.500
834,VTI,Công ty Cổ phần SX - XNK Dệt May,17/12/2010,3.500.000,4.279.763
835,VTK,CTCP Tư vấn và Dịch vụ Viettel,18/12/2018,8.622.777,4.933.723
836,VTL,CTCP Vang Thăng Long,31/5/2023,5.059.992,10.119.984
837,VTM,CTCP Vận tải và Đưa đón Thợ mỏ-Vinacomin,29/12/2015,3.279.797,3.279.797
838,VTP,Tổng công ty Cổ phần Bưu chính Viettel,23/11/2018,113.217.237,113.174.057
839,VTQ,CTCP Việt Trung Quảng Bình,17/5/2021,17.081.791,17.081.791
840,VTR,CTCP Du lịch và Tiếp thị Giao thông Vận tải Việt Nam - Vietravel,27/9/2019,29.294.833,28.658.247
841,VTS,CTCP Gạch ngói Từ Sơn,16/4/2021,2.000.205,2.000.000
842,VTX,CTCP Vận tải đa phương thức VIETRANSTIMEX,15/5/2014,20.972.321,20.972.321
843,VUA,CTCP Chứng khoán Stanley Brothers,25/1/2022,33.900.000,33.900.000
844,VVN,Tổng CTCP Xây dựng công nghiệp Việt Nam,17/10/2017,55.000.000,55.000.000
845,VVS,Công ty cổ phần Đầu tư Phát triển máy Việt Nam,7/10/2022,20.500.000,20.500.000
846,VW3,CTCP Viwaseen3,23/4/2020,2.000.000,2.000.000
847,VWS,CTCP Nước và Môi trường Việt Nam,6/1/2017,3.600.000,3.600.000
848,VXB,CTCP Vật liệu xây dựng Bến tre,11/7/2022,4.049.006,4.049.006
849,VXP,CTCP Thuốc thú y Trung ương VETVACO,19/8/2019,3.600.000,3.591.000
850,VXT,CTCP Kho vận và Dịch vụ Thương mại,20/5/2020,3.600.000,6.011.932
851,WSB,Công ty Cổ phần Bia Sài Gòn - Miền Tây,10/8/2010,14.500.000,14.500.000
852,WTC,CTCP Vận tải thủy Vinacomin,15/7/2010,10.000.000,10.000.000
853,X26,CTCP 26,9/7/2018,5.000.000,5.000.000
854,X77,CTCP Thành An 77,17/2/2017,1.340.877,1.340.877
855,XDC,Công ty TNHH MTV Xây dựng Công trình Tân Cảng,1/12/2022,8.2,8.2
856,XDH,CTCP Đầu tư Xây dựng Dân dụng Hà Nội,22/10/2018,24.569.992,24.569.920
857,XHC,CTCP Xuân Hòa Việt Nam,3/11/2016,21.096.500,21.086.500
858,XLV,CTCP Xây lắp và dịch vụ Sông Đà,22/5/2018,3.000.000,3.000.000
859,XMC,CTCP Ðầu tư và Xây dựng Xuân Mai,28/6/2019,67.364.339,67.362.579
860,XMD,CTCP Xuân Mai - Đạo Tú,25/12/2015,4.000.000,4.000.000
861,XMP,CTCP Thủy điện Xuân Minh,16/8/2021,15.000.000,15.000.000
862,XPH,CTCP Xà phòng Hà Nội,25/11/2014,12.972.475,12.972.475
863,YBC,CTCP Xi măng và Khoáng sản Yên Bái,25/6/2014,11.800.000,11.774.180
864,YTC,CTCP Xuất nhập khẩu Y tế Thành phố Hồ Chí Minh,3/8/2017,3.080.000,3.080.000
